enrolled_user,feature_set,model,n_features,n_enrolment_rows,n_fit_impostor_rows,fit_impostor_participants,fit_seconds,split_sizes,normaliser,n_calib_sequences,n_test_sequences,score_models,thetas,total_seconds
098A72A5-E3E5-4F54-A152-BBDA0DF7B694,F7_F3_MISSINGNESS_ONLY,gradient_boosting,119,4087,47667,"[np.str_('1155FF54-63D3-4AB2-9863-8385D0BD0A13'), np.str_('136562B6-95B2-483D-88DC-065F28409FD2'), np.str_('1538C99F-BA1E-4EFB-A949-6C7C47701B20'), np.str_('1DBB0F6F-1F81-4A50-9DF4-CD62ACFA4842'), np.str_('3600D531-0C55-44A7-AE95-A7A38519464E'), np.str_('4FC32141-E888-4BFF-8804-12559A491D8C'), np.str_('59818CD2-24D7-4D32-B133-24C2FE3801E5'), np.str_('59EEFAE0-DEB0-4FFF-9250-54D2A03D0CF2'), np.str_('5EF64122-B513-46AE-BCF1-E62AAC285D2C'), np.str_('74B86067-5D4B-43CF-82CF-341B76BEA0F4'), np.str_('797D145F-3858-4A7F-A7C2-A4EB721E133C'), np.str_('83CF687B-7CEC-434B-9FE8-00C3D5799BE6'), np.str_('86A4F379-B305-473D-9D83-FC7D800180EF'), np.str_('96A358A0-FFF2-4239-B93E-C7425B901B47'), np.str_('9759096F-1119-4E19-A0AD-6F16989C7E1C'), np.str_('99B204C0-DD5C-4BB7-83E8-A37281B8D769'), np.str_('A5A30F76-581E-4757-97A2-957553A2C6AA'), np.str_('B7F9D634-263E-4A97-87F9-6FFB4DDCB36C'), np.str_('BE3CA5A6-A561-4BBD-B7C9-5DF6805400FC'), np.str_('C48CE857-A0DD-4DDB-BEA5-3A25449B2153'), np.str_('CA820D43-E5E2-42EF-9798-BE56F776370B'), np.str_('CDA3BBF7-6631-45E8-85BA-EEB416B32A3C'), np.str_('D7D20E2E-FC78-405D-B346-DBD3FD8FC92B'), np.str_('E65577C1-8D5D-4F70-AF23-B3ADB9D3DBA3')]",9.88255000114441,"{'train': 4087, 'calib': 1363, 'test': 1363}","{'kind': 'ECDF on calibration scores', 'n': 10363, 'min': -16.910508591730324, 'max': 3.4664925498654995}",24,6,"{""mu_gen"": 0.995493013338051, ""sd_gen"": 0.0491565978237161, ""mu_imp"": 0.6454403754811456, ""sd_imp"": 0.3767589736694349}","[0.1273762424008492, 0.2690340634951269, 0.2991411753353276, 0.2998166554086654, 0.4078934671427193, 0.4494837402296632, 0.9999035028466661]",27.19493865966797
0A986513-7828-4D53-AA1F-E02D6DF9561B,F7_F3_MISSINGNESS_ONLY,gradient_boosting,119,2376,47667,"[np.str_('1155FF54-63D3-4AB2-9863-8385D0BD0A13'), np.str_('136562B6-95B2-483D-88DC-065F28409FD2'), np.str_('1538C99F-BA1E-4EFB-A949-6C7C47701B20'), np.str_('1DBB0F6F-1F81-4A50-9DF4-CD62ACFA4842'), np.str_('3600D531-0C55-44A7-AE95-A7A38519464E'), np.str_('4FC32141-E888-4BFF-8804-12559A491D8C'), np.str_('59818CD2-24D7-4D32-B133-24C2FE3801E5'), np.str_('59EEFAE0-DEB0-4FFF-9250-54D2A03D0CF2'), np.str_('5EF64122-B513-46AE-BCF1-E62AAC285D2C'), np.str_('74B86067-5D4B-43CF-82CF-341B76BEA0F4'), np.str_('797D145F-3858-4A7F-A7C2-A4EB721E133C'), np.str_('83CF687B-7CEC-434B-9FE8-00C3D5799BE6'), np.str_('86A4F379-B305-473D-9D83-FC7D800180EF'), np.str_('96A358A0-FFF2-4239-B93E-C7425B901B47'), np.str_('9759096F-1119-4E19-A0AD-6F16989C7E1C'), np.str_('99B204C0-DD5C-4BB7-83E8-A37281B8D769'), np.str_('A5A30F76-581E-4757-97A2-957553A2C6AA'), np.str_('B7F9D634-263E-4A97-87F9-6FFB4DDCB36C'), np.str_('BE3CA5A6-A561-4BBD-B7C9-5DF6805400FC'), np.str_('C48CE857-A0DD-4DDB-BEA5-3A25449B2153'), np.str_('CA820D43-E5E2-42EF-9798-BE56F776370B'), np.str_('CDA3BBF7-6631-45E8-85BA-EEB416B32A3C'), np.str_('D7D20E2E-FC78-405D-B346-DBD3FD8FC92B'), np.str_('E65577C1-8D5D-4F70-AF23-B3ADB9D3DBA3')]",6.836340665817261,"{'train': 2376, 'calib': 792, 'test': 792}","{'kind': 'ECDF on calibration scores', 'n': 9792, 'min': -20.730263966540686, 'max': 0.6590905248314375}",24,6,"{""mu_gen"": 1.0, ""sd_gen"": 0.001, ""mu_imp"": 0.6394182325708061, ""sd_imp"": 0.35304445138279894}","[0.13837826797385622, 0.18086192810457516, 0.3167892156862745, 0.4667075163398693, 1.0]",10.521443843841553
136562B6-95B2-483D-88DC-065F28409FD2,F7_F3_MISSINGNESS_ONLY,gradient_boosting,119,3730,47581,"[np.str_('1155FF54-63D3-4AB2-9863-8385D0BD0A13'), np.str_('1538C99F-BA1E-4EFB-A949-6C7C47701B20'), np.str_('1DBB0F6F-1F81-4A50-9DF4-CD62ACFA4842'), np.str_('3600D531-0C55-44A7-AE95-A7A38519464E'), np.str_('4FC32141-E888-4BFF-8804-12559A491D8C'), np.str_('59818CD2-24D7-4D32-B133-24C2FE3801E5'), np.str_('59EEFAE0-DEB0-4FFF-9250-54D2A03D0CF2'), np.str_('5EF64122-B513-46AE-BCF1-E62AAC285D2C'), np.str_('74B86067-5D4B-43CF-82CF-341B76BEA0F4'), np.str_('797D145F-3858-4A7F-A7C2-A4EB721E133C'), np.str_('83CF687B-7CEC-434B-9FE8-00C3D5799BE6'), np.str_('86A4F379-B305-473D-9D83-FC7D800180EF'), np.str_('96A358A0-FFF2-4239-B93E-C7425B901B47'), np.str_('9759096F-1119-4E19-A0AD-6F16989C7E1C'), np.str_('99B204C0-DD5C-4BB7-83E8-A37281B8D769'), np.str_('A5A30F76-581E-4757-97A2-957553A2C6AA'), np.str_('B7F9D634-263E-4A97-87F9-6FFB4DDCB36C'), np.str_('BE3CA5A6-A561-4BBD-B7C9-5DF6805400FC'), np.str_('C48CE857-A0DD-4DDB-BEA5-3A25449B2153'), np.str_('CA820D43-E5E2-42EF-9798-BE56F776370B'), np.str_('CDA3BBF7-6631-45E8-85BA-EEB416B32A3C'), np.str_('D7D20E2E-FC78-405D-B346-DBD3FD8FC92B'), np.str_('E65577C1-8D5D-4F70-AF23-B3ADB9D3DBA3')]",3.8596251010894775,"{'train': 3730, 'calib': 1244, 'test': 1244}","{'kind': 'ECDF on calibration scores', 'n': 10244, 'min': -20.767610451452217, 'max': 2.561323053557467}",24,6,"{""mu_gen"": 0.9910797377326566, ""sd_gen"": 0.001, ""mu_imp"": 0.6990167008330079, ""sd_imp"": 0.35130695201736056}","[0.16009371339320577, 0.3023233112065599, 0.44562670831706364, 0.9910191331511129, 0.9921725287597993, 0.9975087856306128, 1.0]",11.30838418006897
1538C99F-BA1E-4EFB-A949-6C7C47701B20,F7_F3_MISSINGNESS_ONLY,gradient_boosting,119,3929,47581,"[np.str_('1155FF54-63D3-4AB2-9863-8385D0BD0A13'), np.str_('136562B6-95B2-483D-88DC-065F28409FD2'), np.str_('1DBB0F6F-1F81-4A50-9DF4-CD62ACFA4842'), np.str_('3600D531-0C55-44A7-AE95-A7A38519464E'), np.str_('4FC32141-E888-4BFF-8804-12559A491D8C'), np.str_('59818CD2-24D7-4D32-B133-24C2FE3801E5'), np.str_('59EEFAE0-DEB0-4FFF-9250-54D2A03D0CF2'), np.str_('5EF64122-B513-46AE-BCF1-E62AAC285D2C'), np.str_('74B86067-5D4B-43CF-82CF-341B76BEA0F4'), np.str_('797D145F-3858-4A7F-A7C2-A4EB721E133C'), np.str_('83CF687B-7CEC-434B-9FE8-00C3D5799BE6'), np.str_('86A4F379-B305-473D-9D83-FC7D800180EF'), np.str_('96A358A0-FFF2-4239-B93E-C7425B901B47'), np.str_('9759096F-1119-4E19-A0AD-6F16989C7E1C'), np.str_('99B204C0-DD5C-4BB7-83E8-A37281B8D769'), np.str_('A5A30F76-581E-4757-97A2-957553A2C6AA'), np.str_('B7F9D634-263E-4A97-87F9-6FFB4DDCB36C'), np.str_('BE3CA5A6-A561-4BBD-B7C9-5DF6805400FC'), np.str_('C48CE857-A0DD-4DDB-BEA5-3A25449B2153'), np.str_('CA820D43-E5E2-42EF-9798-BE56F776370B'), np.str_('CDA3BBF7-6631-45E8-85BA-EEB416B32A3C'), np.str_('D7D20E2E-FC78-405D-B346-DBD3FD8FC92B'), np.str_('E65577C1-8D5D-4F70-AF23-B3ADB9D3DBA3')]",3.973104953765869,"{'train': 3929, 'calib': 1310, 'test': 1310}","{'kind': 'ECDF on calibration scores', 'n': 10310, 'min': -20.745137809254963, 'max': 0.7143085658440741}",24,6,"{""mu_gen"": 0.9933647214139455, ""sd_gen"": 0.03679536487228122, ""mu_imp"": 0.6731273574738657, ""sd_imp"": 0.3813823609493289}","[0.03249272550921436, 0.1930164888457808, 0.43433559650824444, 0.9958292919495635]",7.149263620376587
24E40C4C-A349-4F9F-93AB-01D00FB994AF,F7_F3_MISSINGNESS_ONLY,gradient_boosting,119,2862,47667,"[np.str_('1155FF54-63D3-4AB2-9863-8385D0BD0A13'), np.str_('136562B6-95B2-483D-88DC-065F28409FD2'), np.str_('1538C99F-BA1E-4EFB-A949-6C7C47701B20'), np.str_('1DBB0F6F-1F81-4A50-9DF4-CD62ACFA4842'), np.str_('3600D531-0C55-44A7-AE95-A7A38519464E'), np.str_('4FC32141-E888-4BFF-8804-12559A491D8C'), np.str_('59818CD2-24D7-4D32-B133-24C2FE3801E5'), np.str_('59EEFAE0-DEB0-4FFF-9250-54D2A03D0CF2'), np.str_('5EF64122-B513-46AE-BCF1-E62AAC285D2C'), np.str_('74B86067-5D4B-43CF-82CF-341B76BEA0F4'), np.str_('797D145F-3858-4A7F-A7C2-A4EB721E133C'), np.str_('83CF687B-7CEC-434B-9FE8-00C3D5799BE6'), np.str_('86A4F379-B305-473D-9D83-FC7D800180EF'), np.str_('96A358A0-FFF2-4239-B93E-C7425B901B47'), np.str_('9759096F-1119-4E19-A0AD-6F16989C7E1C'), np.str_('99B204C0-DD5C-4BB7-83E8-A37281B8D769'), np.str_('A5A30F76-581E-4757-97A2-957553A2C6AA'), np.str_('B7F9D634-263E-4A97-87F9-6FFB4DDCB36C'), np.str_('BE3CA5A6-A561-4BBD-B7C9-5DF6805400FC'), np.str_('C48CE857-A0DD-4DDB-BEA5-3A25449B2153'), np.str_('CA820D43-E5E2-42EF-9798-BE56F776370B'), np.str_('CDA3BBF7-6631-45E8-85BA-EEB416B32A3C'), np.str_('D7D20E2E-FC78-405D-B346-DBD3FD8FC92B'), np.str_('E65577C1-8D5D-4F70-AF23-B3ADB9D3DBA3')]",6.734637498855591,"{'train': 2862, 'calib': 954, 'test': 955}","{'kind': 'ECDF on calibration scores', 'n': 9954, 'min': -13.140839356962674, 'max': 2.325316658233638}",24,6,"{""mu_gen"": 0.9777635456432925, ""sd_gen"": 0.005081278103248425, ""mu_imp"": 0.6888082401268055, ""sd_imp"": 0.35305493364979523}","[0.13261000602772754, 0.31273859754872413, 0.44896524010448063, 0.45097448262005224, 0.9762909383162548, 0.9798051034759888, 0.9816154309825196, 0.9906570223025919, 1.0]",12.20779275894165
2C32C23E-E30C-498A-8DD2-0EFB9150A02E,F7_F3_MISSINGNESS_ONLY,gradient_boosting,119,5109,47667,"[np.str_('1155FF54-63D3-4AB2-9863-8385D0BD0A13'), np.str_('136562B6-95B2-483D-88DC-065F28409FD2'), np.str_('1538C99F-BA1E-4EFB-A949-6C7C47701B20'), np.str_('1DBB0F6F-1F81-4A50-9DF4-CD62ACFA4842'), np.str_('3600D531-0C55-44A7-AE95-A7A38519464E'), np.str_('4FC32141-E888-4BFF-8804-12559A491D8C'), np.str_('59818CD2-24D7-4D32-B133-24C2FE3801E5'), np.str_('59EEFAE0-DEB0-4FFF-9250-54D2A03D0CF2'), np.str_('5EF64122-B513-46AE-BCF1-E62AAC285D2C'), np.str_('74B86067-5D4B-43CF-82CF-341B76BEA0F4'), np.str_('797D145F-3858-4A7F-A7C2-A4EB721E133C'), np.str_('83CF687B-7CEC-434B-9FE8-00C3D5799BE6'), np.str_('86A4F379-B305-473D-9D83-FC7D800180EF'), np.str_('96A358A0-FFF2-4239-B93E-C7425B901B47'), np.str_('9759096F-1119-4E19-A0AD-6F16989C7E1C'), np.str_('99B204C0-DD5C-4BB7-83E8-A37281B8D769'), np.str_('A5A30F76-581E-4757-97A2-957553A2C6AA'), np.str_('B7F9D634-263E-4A97-87F9-6FFB4DDCB36C'), np.str_('BE3CA5A6-A561-4BBD-B7C9-5DF6805400FC'), np.str_('C48CE857-A0DD-4DDB-BEA5-3A25449B2153'), np.str_('CA820D43-E5E2-42EF-9798-BE56F776370B'), np.str_('CDA3BBF7-6631-45E8-85BA-EEB416B32A3C'), np.str_('D7D20E2E-FC78-405D-B346-DBD3FD8FC92B'), np.str_('E65577C1-8D5D-4F70-AF23-B3ADB9D3DBA3')]",4.28552770614624,"{'train': 5109, 'calib': 1703, 'test': 1704}","{'kind': 'ECDF on calibration scores', 'n': 10703, 'min': -20.73377811006775, 'max': 1.6621850922338084}",24,6,"{""mu_gen"": 0.9892149916430493, ""sd_gen"": 0.0020201957477646556, ""mu_imp"": 0.6543697509524847, ""sd_imp"": 0.36376831809609694}","[0.12781463141175373, 0.289451555638606, 0.42660936186116044, 0.9887881902270391, 0.9928057553956835, 1.0]",11.273923635482788
3600D531-0C55-44A7-AE95-A7A38519464E,F7_F3_MISSINGNESS_ONLY,gradient_boosting,119,3121,47581,"[np.str_('1155FF54-63D3-4AB2-9863-8385D0BD0A13'), np.str_('136562B6-95B2-483D-88DC-065F28409FD2'), np.str_('1538C99F-BA1E-4EFB-A949-6C7C47701B20'), np.str_('1DBB0F6F-1F81-4A50-9DF4-CD62ACFA4842'), np.str_('4FC32141-E888-4BFF-8804-12559A491D8C'), np.str_('59818CD2-24D7-4D32-B133-24C2FE3801E5'), np.str_('59EEFAE0-DEB0-4FFF-9250-54D2A03D0CF2'), np.str_('5EF64122-B513-46AE-BCF1-E62AAC285D2C'), np.str_('74B86067-5D4B-43CF-82CF-341B76BEA0F4'), np.str_('797D145F-3858-4A7F-A7C2-A4EB721E133C'), np.str_('83CF687B-7CEC-434B-9FE8-00C3D5799BE6'), np.str_('86A4F379-B305-473D-9D83-FC7D800180EF'), np.str_('96A358A0-FFF2-4239-B93E-C7425B901B47'), np.str_('9759096F-1119-4E19-A0AD-6F16989C7E1C'), np.str_('99B204C0-DD5C-4BB7-83E8-A37281B8D769'), np.str_('A5A30F76-581E-4757-97A2-957553A2C6AA'), np.str_('B7F9D634-263E-4A97-87F9-6FFB4DDCB36C'), np.str_('BE3CA5A6-A561-4BBD-B7C9-5DF6805400FC'), np.str_('C48CE857-A0DD-4DDB-BEA5-3A25449B2153'), np.str_('CA820D43-E5E2-42EF-9798-BE56F776370B'), np.str_('CDA3BBF7-6631-45E8-85BA-EEB416B32A3C'), np.str_('D7D20E2E-FC78-405D-B346-DBD3FD8FC92B'), np.str_('E65577C1-8D5D-4F70-AF23-B3ADB9D3DBA3')]",3.8408451080322266,"{'train': 3121, 'calib': 1041, 'test': 1041}","{'kind': 'ECDF on calibration scores', 'n': 10041, 'min': -20.74498629447476, 'max': 1.0890739746041034}",24,6,"{""mu_gen"": 0.9951827714703051, ""sd_gen"": 0.022376228583743062, ""mu_imp"": 0.6705527476236319, ""sd_imp"": 0.3617820667996491}","[0.13624141021810576, 0.17677522159147496, 0.3084354147993228, 0.45503435912757695, 0.9961159247086944]",7.471452951431274
4FC32141-E888-4BFF-8804-12559A491D8C,F7_F3_MISSINGNESS_ONLY,gradient_boosting,119,2987,47581,"[np.str_('1155FF54-63D3-4AB2-9863-8385D0BD0A13'), np.str_('136562B6-95B2-483D-88DC-065F28409FD2'), np.str_('1538C99F-BA1E-4EFB-A949-6C7C47701B20'), np.str_('1DBB0F6F-1F81-4A50-9DF4-CD62ACFA4842'), np.str_('3600D531-0C55-44A7-AE95-A7A38519464E'), np.str_('59818CD2-24D7-4D32-B133-24C2FE3801E5'), np.str_('59EEFAE0-DEB0-4FFF-9250-54D2A03D0CF2'), np.str_('5EF64122-B513-46AE-BCF1-E62AAC285D2C'), np.str_('74B86067-5D4B-43CF-82CF-341B76BEA0F4'), np.str_('797D145F-3858-4A7F-A7C2-A4EB721E133C'), np.str_('83CF687B-7CEC-434B-9FE8-00C3D5799BE6'), np.str_('86A4F379-B305-473D-9D83-FC7D800180EF'), np.str_('96A358A0-FFF2-4239-B93E-C7425B901B47'), np.str_('9759096F-1119-4E19-A0AD-6F16989C7E1C'), np.str_('99B204C0-DD5C-4BB7-83E8-A37281B8D769'), np.str_('A5A30F76-581E-4757-97A2-957553A2C6AA'), np.str_('B7F9D634-263E-4A97-87F9-6FFB4DDCB36C'), np.str_('BE3CA5A6-A561-4BBD-B7C9-5DF6805400FC'), np.str_('C48CE857-A0DD-4DDB-BEA5-3A25449B2153'), np.str_('CA820D43-E5E2-42EF-9798-BE56F776370B'), np.str_('CDA3BBF7-6631-45E8-85BA-EEB416B32A3C'), np.str_('D7D20E2E-FC78-405D-B346-DBD3FD8FC92B'), np.str_('E65577C1-8D5D-4F70-AF23-B3ADB9D3DBA3')]",6.6149983406066895,"{'train': 2987, 'calib': 996, 'test': 996}","{'kind': 'ECDF on calibration scores', 'n': 9996, 'min': -20.761995856946186, 'max': 1.4464504064056403}",24,5,"{""mu_gen"": 0.9956226935218534, ""sd_gen"": 0.001, ""mu_imp"": 0.6824139377973413, ""sd_imp"": 0.3588706601574744}","[0.1370548219287715, 0.17757102841136455, 0.30982392957182875, 0.4566826730692277, 0.9955982392957183]",10.287041902542114
5119D0F8-FCA8-4184-A4EB-19421A40DE0D,F7_F3_MISSINGNESS_ONLY,gradient_boosting,119,3970,47667,"[np.str_('1155FF54-63D3-4AB2-9863-8385D0BD0A13'), np.str_('136562B6-95B2-483D-88DC-065F28409FD2'), np.str_('1538C99F-BA1E-4EFB-A949-6C7C47701B20'), np.str_('1DBB0F6F-1F81-4A50-9DF4-CD62ACFA4842'), np.str_('3600D531-0C55-44A7-AE95-A7A38519464E'), np.str_('4FC32141-E888-4BFF-8804-12559A491D8C'), np.str_('59818CD2-24D7-4D32-B133-24C2FE3801E5'), np.str_('59EEFAE0-DEB0-4FFF-9250-54D2A03D0CF2'), np.str_('5EF64122-B513-46AE-BCF1-E62AAC285D2C'), np.str_('74B86067-5D4B-43CF-82CF-341B76BEA0F4'), np.str_('797D145F-3858-4A7F-A7C2-A4EB721E133C'), np.str_('83CF687B-7CEC-434B-9FE8-00C3D5799BE6'), np.str_('86A4F379-B305-473D-9D83-FC7D800180EF'), np.str_('96A358A0-FFF2-4239-B93E-C7425B901B47'), np.str_('9759096F-1119-4E19-A0AD-6F16989C7E1C'), np.str_('99B204C0-DD5C-4BB7-83E8-A37281B8D769'), np.str_('A5A30F76-581E-4757-97A2-957553A2C6AA'), np.str_('B7F9D634-263E-4A97-87F9-6FFB4DDCB36C'), np.str_('BE3CA5A6-A561-4BBD-B7C9-5DF6805400FC'), np.str_('C48CE857-A0DD-4DDB-BEA5-3A25449B2153'), np.str_('CA820D43-E5E2-42EF-9798-BE56F776370B'), np.str_('CDA3BBF7-6631-45E8-85BA-EEB416B32A3C'), np.str_('D7D20E2E-FC78-405D-B346-DBD3FD8FC92B'), np.str_('E65577C1-8D5D-4F70-AF23-B3ADB9D3DBA3')]",4.1451334953308105,"{'train': 3970, 'calib': 1323, 'test': 1324}","{'kind': 'ECDF on calibration scores', 'n': 10323, 'min': -16.337231002589977, 'max': 2.126181207299219}",24,6,"{""mu_gen"": 0.9674496068649293, ""sd_gen"": 0.049046463590113054, ""mu_imp"": 0.5887587183958151, ""sd_imp"": 0.3880954249371151}","[0.0, 0.12786980528916012, 0.27007652814104427, 0.43524169330620943, 0.44425070231521846, 0.9438147825244599, 0.999903128935387]",11.58214259147644
5152A2DF-FAF3-4BA8-9CA9-E66B32671A53,F7_F3_MISSINGNESS_ONLY,gradient_boosting,119,3970,47667,"[np.str_('1155FF54-63D3-4AB2-9863-8385D0BD0A13'), np.str_('136562B6-95B2-483D-88DC-065F28409FD2'), np.str_('1538C99F-BA1E-4EFB-A949-6C7C47701B20'), np.str_('1DBB0F6F-1F81-4A50-9DF4-CD62ACFA4842'), np.str_('3600D531-0C55-44A7-AE95-A7A38519464E'), np.str_('4FC32141-E888-4BFF-8804-12559A491D8C'), np.str_('59818CD2-24D7-4D32-B133-24C2FE3801E5'), np.str_('59EEFAE0-DEB0-4FFF-9250-54D2A03D0CF2'), np.str_('5EF64122-B513-46AE-BCF1-E62AAC285D2C'), np.str_('74B86067-5D4B-43CF-82CF-341B76BEA0F4'), np.str_('797D145F-3858-4A7F-A7C2-A4EB721E133C'), np.str_('83CF687B-7CEC-434B-9FE8-00C3D5799BE6'), np.str_('86A4F379-B305-473D-9D83-FC7D800180EF'), np.str_('96A358A0-FFF2-4239-B93E-C7425B901B47'), np.str_('9759096F-1119-4E19-A0AD-6F16989C7E1C'), np.str_('99B204C0-DD5C-4BB7-83E8-A37281B8D769'), np.str_('A5A30F76-581E-4757-97A2-957553A2C6AA'), np.str_('B7F9D634-263E-4A97-87F9-6FFB4DDCB36C'), np.str_('BE3CA5A6-A561-4BBD-B7C9-5DF6805400FC'), np.str_('C48CE857-A0DD-4DDB-BEA5-3A25449B2153'), np.str_('CA820D43-E5E2-42EF-9798-BE56F776370B'), np.str_('CDA3BBF7-6631-45E8-85BA-EEB416B32A3C'), np.str_('D7D20E2E-FC78-405D-B346-DBD3FD8FC92B'), np.str_('E65577C1-8D5D-4F70-AF23-B3ADB9D3DBA3')]",4.054717779159546,"{'train': 3970, 'calib': 1323, 'test': 1324}","{'kind': 'ECDF on calibration scores', 'n': 10323, 'min': -20.78809267017218, 'max': 1.3091041786654574}",24,5,"{""mu_gen"": 0.9835839199414467, ""sd_gen"": 0.08138121981451024, ""mu_imp"": 0.619301425080995, ""sd_imp"": 0.3925031068939111}","[0.12883851593529014, 0.2710452387871743, 0.43562917756466146, 0.44289450741063646, 0.995931415286254]",7.667638778686523
5EF64122-B513-46AE-BCF1-E62AAC285D2C,F7_F3_MISSINGNESS_ONLY,gradient_boosting,119,2346,47581,"[np.str_('1155FF54-63D3-4AB2-9863-8385D0BD0A13'), np.str_('136562B6-95B2-483D-88DC-065F28409FD2'), np.str_('1538C99F-BA1E-4EFB-A949-6C7C47701B20'), np.str_('1DBB0F6F-1F81-4A50-9DF4-CD62ACFA4842'), np.str_('3600D531-0C55-44A7-AE95-A7A38519464E'), np.str_('4FC32141-E888-4BFF-8804-12559A491D8C'), np.str_('59818CD2-24D7-4D32-B133-24C2FE3801E5'), np.str_('59EEFAE0-DEB0-4FFF-9250-54D2A03D0CF2'), np.str_('74B86067-5D4B-43CF-82CF-341B76BEA0F4'), np.str_('797D145F-3858-4A7F-A7C2-A4EB721E133C'), np.str_('83CF687B-7CEC-434B-9FE8-00C3D5799BE6'), np.str_('86A4F379-B305-473D-9D83-FC7D800180EF'), np.str_('96A358A0-FFF2-4239-B93E-C7425B901B47'), np.str_('9759096F-1119-4E19-A0AD-6F16989C7E1C'), np.str_('99B204C0-DD5C-4BB7-83E8-A37281B8D769'), np.str_('A5A30F76-581E-4757-97A2-957553A2C6AA'), np.str_('B7F9D634-263E-4A97-87F9-6FFB4DDCB36C'), np.str_('BE3CA5A6-A561-4BBD-B7C9-5DF6805400FC'), np.str_('C48CE857-A0DD-4DDB-BEA5-3A25449B2153'), np.str_('CA820D43-E5E2-42EF-9798-BE56F776370B'), np.str_('CDA3BBF7-6631-45E8-85BA-EEB416B32A3C'), np.str_('D7D20E2E-FC78-405D-B346-DBD3FD8FC92B'), np.str_('E65577C1-8D5D-4F70-AF23-B3ADB9D3DBA3')]",6.72806191444397,"{'train': 2346, 'calib': 782, 'test': 783}","{'kind': 'ECDF on calibration scores', 'n': 9782, 'min': -16.649018110259178, 'max': 3.8827363707200524}",24,6,"{""mu_gen"": 0.9757043123423977, ""sd_gen"": 0.01644617962093875, ""mu_imp"": 0.6503299001567504, ""sd_imp"": 0.38642912335801927}","[0.0, 0.15303618891842158, 0.30310774892659986, 0.3085705377223473, 0.4582907380903701, 0.9642199959108567, 0.9684113678184421, 0.9798581381815872, 0.9992843999182172]",12.135732173919678
61976C24-1C50-4355-9C49-AAE44A7D09F6,F7_F3_MISSINGNESS_ONLY,gradient_boosting,119,5238,47667,"[np.str_('1155FF54-63D3-4AB2-9863-8385D0BD0A13'), np.str_('136562B6-95B2-483D-88DC-065F28409FD2'), np.str_('1538C99F-BA1E-4EFB-A949-6C7C47701B20'), np.str_('1DBB0F6F-1F81-4A50-9DF4-CD62ACFA4842'), np.str_('3600D531-0C55-44A7-AE95-A7A38519464E'), np.str_('4FC32141-E888-4BFF-8804-12559A491D8C'), np.str_('59818CD2-24D7-4D32-B133-24C2FE3801E5'), np.str_('59EEFAE0-DEB0-4FFF-9250-54D2A03D0CF2'), np.str_('5EF64122-B513-46AE-BCF1-E62AAC285D2C'), np.str_('74B86067-5D4B-43CF-82CF-341B76BEA0F4'), np.str_('797D145F-3858-4A7F-A7C2-A4EB721E133C'), np.str_('83CF687B-7CEC-434B-9FE8-00C3D5799BE6'), np.str_('86A4F379-B305-473D-9D83-FC7D800180EF'), np.str_('96A358A0-FFF2-4239-B93E-C7425B901B47'), np.str_('9759096F-1119-4E19-A0AD-6F16989C7E1C'), np.str_('99B204C0-DD5C-4BB7-83E8-A37281B8D769'), np.str_('A5A30F76-581E-4757-97A2-957553A2C6AA'), np.str_('B7F9D634-263E-4A97-87F9-6FFB4DDCB36C'), np.str_('BE3CA5A6-A561-4BBD-B7C9-5DF6805400FC'), np.str_('C48CE857-A0DD-4DDB-BEA5-3A25449B2153'), np.str_('CA820D43-E5E2-42EF-9798-BE56F776370B'), np.str_('CDA3BBF7-6631-45E8-85BA-EEB416B32A3C'), np.str_('D7D20E2E-FC78-405D-B346-DBD3FD8FC92B'), np.str_('E65577C1-8D5D-4F70-AF23-B3ADB9D3DBA3')]",4.374224901199341,"{'train': 5238, 'calib': 1746, 'test': 1746}","{'kind': 'ECDF on calibration scores', 'n': 10746, 'min': -22.10124379360016, 'max': 4.534299507927995}",24,6,"{""mu_gen"": 0.9743697913435493, ""sd_gen"": 0.006755614520650538, ""mu_imp"": 0.6553108908741238, ""sd_imp"": 0.38224925557909634}","[0.12367392518146288, 0.2602828959612879, 0.2803765121905827, 0.4169923692536758, 0.9722687511632235, 0.9878452089507375, 0.9960915689558906]",11.783308029174805
78A91A4E-4A51-4065-BDA7-94755F0BB3BB,F7_F3_MISSINGNESS_ONLY,gradient_boosting,119,7197,47667,"[np.str_('1155FF54-63D3-4AB2-9863-8385D0BD0A13'), np.str_('136562B6-95B2-483D-88DC-065F28409FD2'), np.str_('1538C99F-BA1E-4EFB-A949-6C7C47701B20'), np.str_('1DBB0F6F-1F81-4A50-9DF4-CD62ACFA4842'), np.str_('3600D531-0C55-44A7-AE95-A7A38519464E'), np.str_('4FC32141-E888-4BFF-8804-12559A491D8C'), np.str_('59818CD2-24D7-4D32-B133-24C2FE3801E5'), np.str_('59EEFAE0-DEB0-4FFF-9250-54D2A03D0CF2'), np.str_('5EF64122-B513-46AE-BCF1-E62AAC285D2C'), np.str_('74B86067-5D4B-43CF-82CF-341B76BEA0F4'), np.str_('797D145F-3858-4A7F-A7C2-A4EB721E133C'), np.str_('83CF687B-7CEC-434B-9FE8-00C3D5799BE6'), np.str_('86A4F379-B305-473D-9D83-FC7D800180EF'), np.str_('96A358A0-FFF2-4239-B93E-C7425B901B47'), np.str_('9759096F-1119-4E19-A0AD-6F16989C7E1C'), np.str_('99B204C0-DD5C-4BB7-83E8-A37281B8D769'), np.str_('A5A30F76-581E-4757-97A2-957553A2C6AA'), np.str_('B7F9D634-263E-4A97-87F9-6FFB4DDCB36C'), np.str_('BE3CA5A6-A561-4BBD-B7C9-5DF6805400FC'), np.str_('C48CE857-A0DD-4DDB-BEA5-3A25449B2153'), np.str_('CA820D43-E5E2-42EF-9798-BE56F776370B'), np.str_('CDA3BBF7-6631-45E8-85BA-EEB416B32A3C'), np.str_('D7D20E2E-FC78-405D-B346-DBD3FD8FC92B'), np.str_('E65577C1-8D5D-4F70-AF23-B3ADB9D3DBA3')]",4.398770809173584,"{'train': 7197, 'calib': 2399, 'test': 2400}","{'kind': 'ECDF on calibration scores', 'n': 11399, 'min': -17.110380850313394, 'max': 0.7662652233217286}",24,6,"{""mu_gen"": 0.9682033511711552, ""sd_gen"": 0.04603140539063723, ""mu_imp"": 0.6395393479934887, ""sd_imp"": 0.38581142055536877}","[0.1157996315466269, 0.24458285814545136, 0.2630438634967981, 0.394245109220107, 0.9636810246512852, 1.0]",9.522359609603882
7CE37510-56D0-4120-A1CF-0E23351428D2,F7_F3_MISSINGNESS_ONLY,gradient_boosting,119,5856,47667,"[np.str_('1155FF54-63D3-4AB2-9863-8385D0BD0A13'), np.str_('136562B6-95B2-483D-88DC-065F28409FD2'), np.str_('1538C99F-BA1E-4EFB-A949-6C7C47701B20'), np.str_('1DBB0F6F-1F81-4A50-9DF4-CD62ACFA4842'), np.str_('3600D531-0C55-44A7-AE95-A7A38519464E'), np.str_('4FC32141-E888-4BFF-8804-12559A491D8C'), np.str_('59818CD2-24D7-4D32-B133-24C2FE3801E5'), np.str_('59EEFAE0-DEB0-4FFF-9250-54D2A03D0CF2'), np.str_('5EF64122-B513-46AE-BCF1-E62AAC285D2C'), np.str_('74B86067-5D4B-43CF-82CF-341B76BEA0F4'), np.str_('797D145F-3858-4A7F-A7C2-A4EB721E133C'), np.str_('83CF687B-7CEC-434B-9FE8-00C3D5799BE6'), np.str_('86A4F379-B305-473D-9D83-FC7D800180EF'), np.str_('96A358A0-FFF2-4239-B93E-C7425B901B47'), np.str_('9759096F-1119-4E19-A0AD-6F16989C7E1C'), np.str_('99B204C0-DD5C-4BB7-83E8-A37281B8D769'), np.str_('A5A30F76-581E-4757-97A2-957553A2C6AA'), np.str_('B7F9D634-263E-4A97-87F9-6FFB4DDCB36C'), np.str_('BE3CA5A6-A561-4BBD-B7C9-5DF6805400FC'), np.str_('C48CE857-A0DD-4DDB-BEA5-3A25449B2153'), np.str_('CA820D43-E5E2-42EF-9798-BE56F776370B'), np.str_('CDA3BBF7-6631-45E8-85BA-EEB416B32A3C'), np.str_('D7D20E2E-FC78-405D-B346-DBD3FD8FC92B'), np.str_('E65577C1-8D5D-4F70-AF23-B3ADB9D3DBA3')]",5.966086149215698,"{'train': 5856, 'calib': 1952, 'test': 1953}","{'kind': 'ECDF on calibration scores', 'n': 10952, 'min': -16.127116630717772, 'max': 0.7032288280964409}",24,5,"{""mu_gen"": 0.9889666905080756, ""sd_gen"": 0.021322393948050272, ""mu_imp"": 0.6699019965911858, ""sd_imp"": 0.3780753745140057}","[0.12052593133674215, 0.2545653761869978, 0.28442293644996347, 0.40924032140248356, 0.989682249817385, 0.992729954486711, 1.0]",10.487197875976562
7D9BB102-A612-4E2A-8E22-3159752F55D8,F7_F3_MISSINGNESS_ONLY,gradient_boosting,119,960,47667,"[np.str_('1155FF54-63D3-4AB2-9863-8385D0BD0A13'), np.str_('136562B6-95B2-483D-88DC-065F28409FD2'), np.str_('1538C99F-BA1E-4EFB-A949-6C7C47701B20'), np.str_('1DBB0F6F-1F81-4A50-9DF4-CD62ACFA4842'), np.str_('3600D531-0C55-44A7-AE95-A7A38519464E'), np.str_('4FC32141-E888-4BFF-8804-12559A491D8C'), np.str_('59818CD2-24D7-4D32-B133-24C2FE3801E5'), np.str_('59EEFAE0-DEB0-4FFF-9250-54D2A03D0CF2'), np.str_('5EF64122-B513-46AE-BCF1-E62AAC285D2C'), np.str_('74B86067-5D4B-43CF-82CF-341B76BEA0F4'), np.str_('797D145F-3858-4A7F-A7C2-A4EB721E133C'), np.str_('83CF687B-7CEC-434B-9FE8-00C3D5799BE6'), np.str_('86A4F379-B305-473D-9D83-FC7D800180EF'), np.str_('96A358A0-FFF2-4239-B93E-C7425B901B47'), np.str_('9759096F-1119-4E19-A0AD-6F16989C7E1C'), np.str_('99B204C0-DD5C-4BB7-83E8-A37281B8D769'), np.str_('A5A30F76-581E-4757-97A2-957553A2C6AA'), np.str_('B7F9D634-263E-4A97-87F9-6FFB4DDCB36C'), np.str_('BE3CA5A6-A561-4BBD-B7C9-5DF6805400FC'), np.str_('C48CE857-A0DD-4DDB-BEA5-3A25449B2153'), np.str_('CA820D43-E5E2-42EF-9798-BE56F776370B'), np.str_('CDA3BBF7-6631-45E8-85BA-EEB416B32A3C'), np.str_('D7D20E2E-FC78-405D-B346-DBD3FD8FC92B'), np.str_('E65577C1-8D5D-4F70-AF23-B3ADB9D3DBA3')]",5.49809455871582,"{'train': 960, 'calib': 320, 'test': 320}","{'kind': 'ECDF on calibration scores', 'n': 9320, 'min': -20.73181949990719, 'max': 0.6599546833953831}",24,6,"{""mu_gen"": 1.0, ""sd_gen"": 0.001, ""mu_imp"": 0.6957181390081068, ""sd_imp"": 0.3473417441660845}","[0.14699570815450644, 0.1555793991416309, 0.3321888412017167, 0.4896995708154506, 1.0]",10.34219765663147
8023FE1A-D3B0-4E2C-A57A-9321B7FC755F,F7_F3_MISSINGNESS_ONLY,gradient_boosting,119,5513,47667,"[np.str_('1155FF54-63D3-4AB2-9863-8385D0BD0A13'), np.str_('136562B6-95B2-483D-88DC-065F28409FD2'), np.str_('1538C99F-BA1E-4EFB-A949-6C7C47701B20'), np.str_('1DBB0F6F-1F81-4A50-9DF4-CD62ACFA4842'), np.str_('3600D531-0C55-44A7-AE95-A7A38519464E'), np.str_('4FC32141-E888-4BFF-8804-12559A491D8C'), np.str_('59818CD2-24D7-4D32-B133-24C2FE3801E5'), np.str_('59EEFAE0-DEB0-4FFF-9250-54D2A03D0CF2'), np.str_('5EF64122-B513-46AE-BCF1-E62AAC285D2C'), np.str_('74B86067-5D4B-43CF-82CF-341B76BEA0F4'), np.str_('797D145F-3858-4A7F-A7C2-A4EB721E133C'), np.str_('83CF687B-7CEC-434B-9FE8-00C3D5799BE6'), np.str_('86A4F379-B305-473D-9D83-FC7D800180EF'), np.str_('96A358A0-FFF2-4239-B93E-C7425B901B47'), np.str_('9759096F-1119-4E19-A0AD-6F16989C7E1C'), np.str_('99B204C0-DD5C-4BB7-83E8-A37281B8D769'), np.str_('A5A30F76-581E-4757-97A2-957553A2C6AA'), np.str_('B7F9D634-263E-4A97-87F9-6FFB4DDCB36C'), np.str_('BE3CA5A6-A561-4BBD-B7C9-5DF6805400FC'), np.str_('C48CE857-A0DD-4DDB-BEA5-3A25449B2153'), np.str_('CA820D43-E5E2-42EF-9798-BE56F776370B'), np.str_('CDA3BBF7-6631-45E8-85BA-EEB416B32A3C'), np.str_('D7D20E2E-FC78-405D-B346-DBD3FD8FC92B'), np.str_('E65577C1-8D5D-4F70-AF23-B3ADB9D3DBA3')]",4.315177917480469,"{'train': 5513, 'calib': 1838, 'test': 1838}","{'kind': 'ECDF on calibration scores', 'n': 10838, 'min': -20.75314894643324, 'max': 1.30552568798439}",24,6,"{""mu_gen"": 0.9950932354780507, ""sd_gen"": 0.028374808078239146, ""mu_imp"": 0.6502228527198541, ""sd_imp"": 0.3934209084468508}","[0.1227163683336409, 0.25816571323122345, 0.27468167558590145, 0.4149289536814911, 0.9964938180476103]",8.56824016571045
83CF687B-7CEC-434B-9FE8-00C3D5799BE6,F7_F3_MISSINGNESS_ONLY,gradient_boosting,119,5723,47581,"[np.str_('1155FF54-63D3-4AB2-9863-8385D0BD0A13'), np.str_('136562B6-95B2-483D-88DC-065F28409FD2'), np.str_('1538C99F-BA1E-4EFB-A949-6C7C47701B20'), np.str_('1DBB0F6F-1F81-4A50-9DF4-CD62ACFA4842'), np.str_('3600D531-0C55-44A7-AE95-A7A38519464E'), np.str_('4FC32141-E888-4BFF-8804-12559A491D8C'), np.str_('59818CD2-24D7-4D32-B133-24C2FE3801E5'), np.str_('59EEFAE0-DEB0-4FFF-9250-54D2A03D0CF2'), np.str_('5EF64122-B513-46AE-BCF1-E62AAC285D2C'), np.str_('74B86067-5D4B-43CF-82CF-341B76BEA0F4'), np.str_('797D145F-3858-4A7F-A7C2-A4EB721E133C'), np.str_('86A4F379-B305-473D-9D83-FC7D800180EF'), np.str_('96A358A0-FFF2-4239-B93E-C7425B901B47'), np.str_('9759096F-1119-4E19-A0AD-6F16989C7E1C'), np.str_('99B204C0-DD5C-4BB7-83E8-A37281B8D769'), np.str_('A5A30F76-581E-4757-97A2-957553A2C6AA'), np.str_('B7F9D634-263E-4A97-87F9-6FFB4DDCB36C'), np.str_('BE3CA5A6-A561-4BBD-B7C9-5DF6805400FC'), np.str_('C48CE857-A0DD-4DDB-BEA5-3A25449B2153'), np.str_('CA820D43-E5E2-42EF-9798-BE56F776370B'), np.str_('CDA3BBF7-6631-45E8-85BA-EEB416B32A3C'), np.str_('D7D20E2E-FC78-405D-B346-DBD3FD8FC92B'), np.str_('E65577C1-8D5D-4F70-AF23-B3ADB9D3DBA3')]",6.317097902297974,"{'train': 5723, 'calib': 1908, 'test': 1908}","{'kind': 'ECDF on calibration scores', 'n': 10908, 'min': -20.739715213583466, 'max': 0.6866466021339109}",24,6,"{""mu_gen"": 0.9962103820335737, ""sd_gen"": 0.04650274318679286, ""mu_imp"": 0.6358265977060669, ""sd_imp"": 0.39213750913361284}","[0.007059039237257059, 0.1607077374404107, 0.1629079574624129, 0.2839200586725339, 0.4185001833516685, 0.42610927759442613, 1.0]",10.911271095275879
9759096F-1119-4E19-A0AD-6F16989C7E1C,F7_F3_MISSINGNESS_ONLY,gradient_boosting,119,5975,47581,"[np.str_('1155FF54-63D3-4AB2-9863-8385D0BD0A13'), np.str_('136562B6-95B2-483D-88DC-065F28409FD2'), np.str_('1538C99F-BA1E-4EFB-A949-6C7C47701B20'), np.str_('1DBB0F6F-1F81-4A50-9DF4-CD62ACFA4842'), np.str_('3600D531-0C55-44A7-AE95-A7A38519464E'), np.str_('4FC32141-E888-4BFF-8804-12559A491D8C'), np.str_('59818CD2-24D7-4D32-B133-24C2FE3801E5'), np.str_('59EEFAE0-DEB0-4FFF-9250-54D2A03D0CF2'), np.str_('5EF64122-B513-46AE-BCF1-E62AAC285D2C'), np.str_('74B86067-5D4B-43CF-82CF-341B76BEA0F4'), np.str_('797D145F-3858-4A7F-A7C2-A4EB721E133C'), np.str_('83CF687B-7CEC-434B-9FE8-00C3D5799BE6'), np.str_('86A4F379-B305-473D-9D83-FC7D800180EF'), np.str_('96A358A0-FFF2-4239-B93E-C7425B901B47'), np.str_('99B204C0-DD5C-4BB7-83E8-A37281B8D769'), np.str_('A5A30F76-581E-4757-97A2-957553A2C6AA'), np.str_('B7F9D634-263E-4A97-87F9-6FFB4DDCB36C'), np.str_('BE3CA5A6-A561-4BBD-B7C9-5DF6805400FC'), np.str_('C48CE857-A0DD-4DDB-BEA5-3A25449B2153'), np.str_('CA820D43-E5E2-42EF-9798-BE56F776370B'), np.str_('CDA3BBF7-6631-45E8-85BA-EEB416B32A3C'), np.str_('D7D20E2E-FC78-405D-B346-DBD3FD8FC92B'), np.str_('E65577C1-8D5D-4F70-AF23-B3ADB9D3DBA3')]",5.789339542388916,"{'train': 5975, 'calib': 1992, 'test': 1992}","{'kind': 'ECDF on calibration scores', 'n': 10992, 'min': -16.53556017645282, 'max': 1.0853885100843286}",24,6,"{""mu_gen"": 0.9837585478833091, ""sd_gen"": 0.021463839857100573, ""mu_imp"": 0.6471446405466602, ""sd_imp"": 0.4056132764410349}","[0.0, 0.12008733624454149, 0.2536390101892285, 0.2699235807860262, 0.4087518195050946, 0.9837154294032023, 1.0]",11.564897060394287
9DC38D04-E82E-4F29-AB52-B476535226F2,F7_F3_MISSINGNESS_ONLY,gradient_boosting,119,5811,47667,"[np.str_('1155FF54-63D3-4AB2-9863-8385D0BD0A13'), np.str_('136562B6-95B2-483D-88DC-065F28409FD2'), np.str_('1538C99F-BA1E-4EFB-A949-6C7C47701B20'), np.str_('1DBB0F6F-1F81-4A50-9DF4-CD62ACFA4842'), np.str_('3600D531-0C55-44A7-AE95-A7A38519464E'), np.str_('4FC32141-E888-4BFF-8804-12559A491D8C'), np.str_('59818CD2-24D7-4D32-B133-24C2FE3801E5'), np.str_('59EEFAE0-DEB0-4FFF-9250-54D2A03D0CF2'), np.str_('5EF64122-B513-46AE-BCF1-E62AAC285D2C'), np.str_('74B86067-5D4B-43CF-82CF-341B76BEA0F4'), np.str_('797D145F-3858-4A7F-A7C2-A4EB721E133C'), np.str_('83CF687B-7CEC-434B-9FE8-00C3D5799BE6'), np.str_('86A4F379-B305-473D-9D83-FC7D800180EF'), np.str_('96A358A0-FFF2-4239-B93E-C7425B901B47'), np.str_('9759096F-1119-4E19-A0AD-6F16989C7E1C'), np.str_('99B204C0-DD5C-4BB7-83E8-A37281B8D769'), np.str_('A5A30F76-581E-4757-97A2-957553A2C6AA'), np.str_('B7F9D634-263E-4A97-87F9-6FFB4DDCB36C'), np.str_('BE3CA5A6-A561-4BBD-B7C9-5DF6805400FC'), np.str_('C48CE857-A0DD-4DDB-BEA5-3A25449B2153'), np.str_('CA820D43-E5E2-42EF-9798-BE56F776370B'), np.str_('CDA3BBF7-6631-45E8-85BA-EEB416B32A3C'), np.str_('D7D20E2E-FC78-405D-B346-DBD3FD8FC92B'), np.str_('E65577C1-8D5D-4F70-AF23-B3ADB9D3DBA3')]",4.367109537124634,"{'train': 5811, 'calib': 1937, 'test': 1938}","{'kind': 'ECDF on calibration scores', 'n': 10937, 'min': -20.73518489094598, 'max': 2.03946673380891}",24,5,"{""mu_gen"": 0.9955306845773266, ""sd_gen"": 0.001, ""mu_imp"": 0.651033825038351, ""sd_imp"": 0.3701260498063875}","[0.054402486970832956, 0.2830757977507543, 0.41739050928042426, 0.9955197951906373]",9.104729175567627
A5CDF89D-02A2-4EC1-89F8-F534FDABDD96,F7_F3_MISSINGNESS_ONLY,gradient_boosting,119,3624,47667,"[np.str_('1155FF54-63D3-4AB2-9863-8385D0BD0A13'), np.str_('136562B6-95B2-483D-88DC-065F28409FD2'), np.str_('1538C99F-BA1E-4EFB-A949-6C7C47701B20'), np.str_('1DBB0F6F-1F81-4A50-9DF4-CD62ACFA4842'), np.str_('3600D531-0C55-44A7-AE95-A7A38519464E'), np.str_('4FC32141-E888-4BFF-8804-12559A491D8C'), np.str_('59818CD2-24D7-4D32-B133-24C2FE3801E5'), np.str_('59EEFAE0-DEB0-4FFF-9250-54D2A03D0CF2'), np.str_('5EF64122-B513-46AE-BCF1-E62AAC285D2C'), np.str_('74B86067-5D4B-43CF-82CF-341B76BEA0F4'), np.str_('797D145F-3858-4A7F-A7C2-A4EB721E133C'), np.str_('83CF687B-7CEC-434B-9FE8-00C3D5799BE6'), np.str_('86A4F379-B305-473D-9D83-FC7D800180EF'), np.str_('96A358A0-FFF2-4239-B93E-C7425B901B47'), np.str_('9759096F-1119-4E19-A0AD-6F16989C7E1C'), np.str_('99B204C0-DD5C-4BB7-83E8-A37281B8D769'), np.str_('A5A30F76-581E-4757-97A2-957553A2C6AA'), np.str_('B7F9D634-263E-4A97-87F9-6FFB4DDCB36C'), np.str_('BE3CA5A6-A561-4BBD-B7C9-5DF6805400FC'), np.str_('C48CE857-A0DD-4DDB-BEA5-3A25449B2153'), np.str_('CA820D43-E5E2-42EF-9798-BE56F776370B'), np.str_('CDA3BBF7-6631-45E8-85BA-EEB416B32A3C'), np.str_('D7D20E2E-FC78-405D-B346-DBD3FD8FC92B'), np.str_('E65577C1-8D5D-4F70-AF23-B3ADB9D3DBA3')]",5.4333906173706055,"{'train': 3624, 'calib': 1208, 'test': 1208}","{'kind': 'ECDF on calibration scores', 'n': 10208, 'min': -20.72998026709109, 'max': 0.6502446472217944}",24,6,"{""mu_gen"": 0.9358164076105886, ""sd_gen"": 0.17455741830590726, ""mu_imp"": 0.6669061302681993, ""sd_imp"": 0.3614819734762081}","[0.040556426332288405, 0.1738832288401254, 0.3031935736677116, 0.4470023510971787, 0.46120689655172414, 1.0]",9.474271297454834
A76A5AF5-5A93-4CF2-A16E-62353BB70E8A,F7_F3_MISSINGNESS_ONLY,gradient_boosting,119,4512,47667,"[np.str_('1155FF54-63D3-4AB2-9863-8385D0BD0A13'), np.str_('136562B6-95B2-483D-88DC-065F28409FD2'), np.str_('1538C99F-BA1E-4EFB-A949-6C7C47701B20'), np.str_('1DBB0F6F-1F81-4A50-9DF4-CD62ACFA4842'), np.str_('3600D531-0C55-44A7-AE95-A7A38519464E'), np.str_('4FC32141-E888-4BFF-8804-12559A491D8C'), np.str_('59818CD2-24D7-4D32-B133-24C2FE3801E5'), np.str_('59EEFAE0-DEB0-4FFF-9250-54D2A03D0CF2'), np.str_('5EF64122-B513-46AE-BCF1-E62AAC285D2C'), np.str_('74B86067-5D4B-43CF-82CF-341B76BEA0F4'), np.str_('797D145F-3858-4A7F-A7C2-A4EB721E133C'), np.str_('83CF687B-7CEC-434B-9FE8-00C3D5799BE6'), np.str_('86A4F379-B305-473D-9D83-FC7D800180EF'), np.str_('96A358A0-FFF2-4239-B93E-C7425B901B47'), np.str_('9759096F-1119-4E19-A0AD-6F16989C7E1C'), np.str_('99B204C0-DD5C-4BB7-83E8-A37281B8D769'), np.str_('A5A30F76-581E-4757-97A2-957553A2C6AA'), np.str_('B7F9D634-263E-4A97-87F9-6FFB4DDCB36C'), np.str_('BE3CA5A6-A561-4BBD-B7C9-5DF6805400FC'), np.str_('C48CE857-A0DD-4DDB-BEA5-3A25449B2153'), np.str_('CA820D43-E5E2-42EF-9798-BE56F776370B'), np.str_('CDA3BBF7-6631-45E8-85BA-EEB416B32A3C'), np.str_('D7D20E2E-FC78-405D-B346-DBD3FD8FC92B'), np.str_('E65577C1-8D5D-4F70-AF23-B3ADB9D3DBA3')]",5.880899429321289,"{'train': 4512, 'calib': 1504, 'test': 1504}","{'kind': 'ECDF on calibration scores', 'n': 10504, 'min': -20.731727395079044, 'max': 0.6406049370535779}",24,5,"{""mu_gen"": 0.9974663091309132, ""sd_gen"": 0.03762667105147888, ""mu_imp"": 0.6390985312473556, ""sd_imp"": 0.36982209273686173}","[0.09796268088347296, 0.16784082254379284, 0.2947448591012947, 0.4345963442498096, 1.0]",10.648203372955322
B09E373F-8A54-44C8-895B-0039390B859F,F7_F3_MISSINGNESS_ONLY,gradient_boosting,119,4880,47667,"[np.str_('1155FF54-63D3-4AB2-9863-8385D0BD0A13'), np.str_('136562B6-95B2-483D-88DC-065F28409FD2'), np.str_('1538C99F-BA1E-4EFB-A949-6C7C47701B20'), np.str_('1DBB0F6F-1F81-4A50-9DF4-CD62ACFA4842'), np.str_('3600D531-0C55-44A7-AE95-A7A38519464E'), np.str_('4FC32141-E888-4BFF-8804-12559A491D8C'), np.str_('59818CD2-24D7-4D32-B133-24C2FE3801E5'), np.str_('59EEFAE0-DEB0-4FFF-9250-54D2A03D0CF2'), np.str_('5EF64122-B513-46AE-BCF1-E62AAC285D2C'), np.str_('74B86067-5D4B-43CF-82CF-341B76BEA0F4'), np.str_('797D145F-3858-4A7F-A7C2-A4EB721E133C'), np.str_('83CF687B-7CEC-434B-9FE8-00C3D5799BE6'), np.str_('86A4F379-B305-473D-9D83-FC7D800180EF'), np.str_('96A358A0-FFF2-4239-B93E-C7425B901B47'), np.str_('9759096F-1119-4E19-A0AD-6F16989C7E1C'), np.str_('99B204C0-DD5C-4BB7-83E8-A37281B8D769'), np.str_('A5A30F76-581E-4757-97A2-957553A2C6AA'), np.str_('B7F9D634-263E-4A97-87F9-6FFB4DDCB36C'), np.str_('BE3CA5A6-A561-4BBD-B7C9-5DF6805400FC'), np.str_('C48CE857-A0DD-4DDB-BEA5-3A25449B2153'), np.str_('CA820D43-E5E2-42EF-9798-BE56F776370B'), np.str_('CDA3BBF7-6631-45E8-85BA-EEB416B32A3C'), np.str_('D7D20E2E-FC78-405D-B346-DBD3FD8FC92B'), np.str_('E65577C1-8D5D-4F70-AF23-B3ADB9D3DBA3')]",4.263655662536621,"{'train': 4880, 'calib': 1627, 'test': 1627}","{'kind': 'ECDF on calibration scores', 'n': 10627, 'min': -15.129363332444074, 'max': 2.585790821009377}",24,6,"{""mu_gen"": 0.9661972452244285, ""sd_gen"": 0.02195607137203377, ""mu_imp"": 0.603383807492446, ""sd_imp"": 0.3983439304124412}","[0.0, 0.12421191305166086, 0.27900630469558674, 0.42279100404629716, 0.961324927072551, 0.9996236002634799]",9.676466941833496
B9724848-C7E2-45F4-9B3F-A1F38D864495,F7_F3_MISSINGNESS_ONLY,gradient_boosting,119,4575,47667,"[np.str_('1155FF54-63D3-4AB2-9863-8385D0BD0A13'), np.str_('136562B6-95B2-483D-88DC-065F28409FD2'), np.str_('1538C99F-BA1E-4EFB-A949-6C7C47701B20'), np.str_('1DBB0F6F-1F81-4A50-9DF4-CD62ACFA4842'), np.str_('3600D531-0C55-44A7-AE95-A7A38519464E'), np.str_('4FC32141-E888-4BFF-8804-12559A491D8C'), np.str_('59818CD2-24D7-4D32-B133-24C2FE3801E5'), np.str_('59EEFAE0-DEB0-4FFF-9250-54D2A03D0CF2'), np.str_('5EF64122-B513-46AE-BCF1-E62AAC285D2C'), np.str_('74B86067-5D4B-43CF-82CF-341B76BEA0F4'), np.str_('797D145F-3858-4A7F-A7C2-A4EB721E133C'), np.str_('83CF687B-7CEC-434B-9FE8-00C3D5799BE6'), np.str_('86A4F379-B305-473D-9D83-FC7D800180EF'), np.str_('96A358A0-FFF2-4239-B93E-C7425B901B47'), np.str_('9759096F-1119-4E19-A0AD-6F16989C7E1C'), np.str_('99B204C0-DD5C-4BB7-83E8-A37281B8D769'), np.str_('A5A30F76-581E-4757-97A2-957553A2C6AA'), np.str_('B7F9D634-263E-4A97-87F9-6FFB4DDCB36C'), np.str_('BE3CA5A6-A561-4BBD-B7C9-5DF6805400FC'), np.str_('C48CE857-A0DD-4DDB-BEA5-3A25449B2153'), np.str_('CA820D43-E5E2-42EF-9798-BE56F776370B'), np.str_('CDA3BBF7-6631-45E8-85BA-EEB416B32A3C'), np.str_('D7D20E2E-FC78-405D-B346-DBD3FD8FC92B'), np.str_('E65577C1-8D5D-4F70-AF23-B3ADB9D3DBA3')]",5.50226354598999,"{'train': 4575, 'calib': 1525, 'test': 1526}","{'kind': 'ECDF on calibration scores', 'n': 10525, 'min': -20.648953339450905, 'max': 1.2300300401535373}",24,4,"{""mu_gen"": 0.9964058458696226, ""sd_gen"": 0.001, ""mu_imp"": 0.6715263262074426, ""sd_imp"": 0.3646989544744245}","[0.09776722090261282, 0.16463349168646083, 0.2942517814726841, 0.433729216152019, 0.9963895486935866]",9.140508890151978
BE3CA5A6-A561-4BBD-B7C9-5DF6805400FC,F7_F3_MISSINGNESS_ONLY,gradient_boosting,119,4985,47581,"[np.str_('1155FF54-63D3-4AB2-9863-8385D0BD0A13'), np.str_('136562B6-95B2-483D-88DC-065F28409FD2'), np.str_('1538C99F-BA1E-4EFB-A949-6C7C47701B20'), np.str_('1DBB0F6F-1F81-4A50-9DF4-CD62ACFA4842'), np.str_('3600D531-0C55-44A7-AE95-A7A38519464E'), np.str_('4FC32141-E888-4BFF-8804-12559A491D8C'), np.str_('59818CD2-24D7-4D32-B133-24C2FE3801E5'), np.str_('59EEFAE0-DEB0-4FFF-9250-54D2A03D0CF2'), np.str_('5EF64122-B513-46AE-BCF1-E62AAC285D2C'), np.str_('74B86067-5D4B-43CF-82CF-341B76BEA0F4'), np.str_('797D145F-3858-4A7F-A7C2-A4EB721E133C'), np.str_('83CF687B-7CEC-434B-9FE8-00C3D5799BE6'), np.str_('86A4F379-B305-473D-9D83-FC7D800180EF'), np.str_('96A358A0-FFF2-4239-B93E-C7425B901B47'), np.str_('9759096F-1119-4E19-A0AD-6F16989C7E1C'), np.str_('99B204C0-DD5C-4BB7-83E8-A37281B8D769'), np.str_('A5A30F76-581E-4757-97A2-957553A2C6AA'), np.str_('B7F9D634-263E-4A97-87F9-6FFB4DDCB36C'), np.str_('C48CE857-A0DD-4DDB-BEA5-3A25449B2153'), np.str_('CA820D43-E5E2-42EF-9798-BE56F776370B'), np.str_('CDA3BBF7-6631-45E8-85BA-EEB416B32A3C'), np.str_('D7D20E2E-FC78-405D-B346-DBD3FD8FC92B'), np.str_('E65577C1-8D5D-4F70-AF23-B3ADB9D3DBA3')]",5.2698235511779785,"{'train': 4985, 'calib': 1662, 'test': 1662}","{'kind': 'ECDF on calibration scores', 'n': 10662, 'min': -20.75206093568217, 'max': 0.6903590972982869}",24,6,"{""mu_gen"": 0.9917198149190272, ""sd_gen"": 0.06806508983280724, ""mu_imp"": 0.6564575777944517, ""sd_imp"": 0.39508639524823713}","[0.12474207465766272, 0.26242731194897767, 0.2934721440630276, 0.42177827799662354, 1.0]",10.717705726623535
CA820D43-E5E2-42EF-9798-BE56F776370B,F7_F3_MISSINGNESS_ONLY,gradient_boosting,119,4719,47581,"[np.str_('1155FF54-63D3-4AB2-9863-8385D0BD0A13'), np.str_('136562B6-95B2-483D-88DC-065F28409FD2'), np.str_('1538C99F-BA1E-4EFB-A949-6C7C47701B20'), np.str_('1DBB0F6F-1F81-4A50-9DF4-CD62ACFA4842'), np.str_('3600D531-0C55-44A7-AE95-A7A38519464E'), np.str_('4FC32141-E888-4BFF-8804-12559A491D8C'), np.str_('59818CD2-24D7-4D32-B133-24C2FE3801E5'), np.str_('59EEFAE0-DEB0-4FFF-9250-54D2A03D0CF2'), np.str_('5EF64122-B513-46AE-BCF1-E62AAC285D2C'), np.str_('74B86067-5D4B-43CF-82CF-341B76BEA0F4'), np.str_('797D145F-3858-4A7F-A7C2-A4EB721E133C'), np.str_('83CF687B-7CEC-434B-9FE8-00C3D5799BE6'), np.str_('86A4F379-B305-473D-9D83-FC7D800180EF'), np.str_('96A358A0-FFF2-4239-B93E-C7425B901B47'), np.str_('9759096F-1119-4E19-A0AD-6F16989C7E1C'), np.str_('99B204C0-DD5C-4BB7-83E8-A37281B8D769'), np.str_('A5A30F76-581E-4757-97A2-957553A2C6AA'), np.str_('B7F9D634-263E-4A97-87F9-6FFB4DDCB36C'), np.str_('BE3CA5A6-A561-4BBD-B7C9-5DF6805400FC'), np.str_('C48CE857-A0DD-4DDB-BEA5-3A25449B2153'), np.str_('CDA3BBF7-6631-45E8-85BA-EEB416B32A3C'), np.str_('D7D20E2E-FC78-405D-B346-DBD3FD8FC92B'), np.str_('E65577C1-8D5D-4F70-AF23-B3ADB9D3DBA3')]",3.9597043991088867,"{'train': 4719, 'calib': 1573, 'test': 1573}","{'kind': 'ECDF on calibration scores', 'n': 10573, 'min': -16.828421569914326, 'max': 1.3037111907204453}",24,6,"{""mu_gen"": 0.9691147590298139, ""sd_gen"": 0.009407342102428924, ""mu_imp"": 0.64192682881974, ""sd_imp"": 0.39594870025215284}","[0.0, 0.12484630663009552, 0.2636905324884139, 0.28062044831173744, 0.4229641539771115, 0.9651943630000945, 0.9730372720063447, 0.9912040102146978]",10.482244491577148
CDA3BBF7-6631-45E8-85BA-EEB416B32A3C,F7_F3_MISSINGNESS_ONLY,gradient_boosting,119,1716,47581,"[np.str_('1155FF54-63D3-4AB2-9863-8385D0BD0A13'), np.str_('136562B6-95B2-483D-88DC-065F28409FD2'), np.str_('1538C99F-BA1E-4EFB-A949-6C7C47701B20'), np.str_('1DBB0F6F-1F81-4A50-9DF4-CD62ACFA4842'), np.str_('3600D531-0C55-44A7-AE95-A7A38519464E'), np.str_('4FC32141-E888-4BFF-8804-12559A491D8C'), np.str_('59818CD2-24D7-4D32-B133-24C2FE3801E5'), np.str_('59EEFAE0-DEB0-4FFF-9250-54D2A03D0CF2'), np.str_('5EF64122-B513-46AE-BCF1-E62AAC285D2C'), np.str_('74B86067-5D4B-43CF-82CF-341B76BEA0F4'), np.str_('797D145F-3858-4A7F-A7C2-A4EB721E133C'), np.str_('83CF687B-7CEC-434B-9FE8-00C3D5799BE6'), np.str_('86A4F379-B305-473D-9D83-FC7D800180EF'), np.str_('96A358A0-FFF2-4239-B93E-C7425B901B47'), np.str_('9759096F-1119-4E19-A0AD-6F16989C7E1C'), np.str_('99B204C0-DD5C-4BB7-83E8-A37281B8D769'), np.str_('A5A30F76-581E-4757-97A2-957553A2C6AA'), np.str_('B7F9D634-263E-4A97-87F9-6FFB4DDCB36C'), np.str_('BE3CA5A6-A561-4BBD-B7C9-5DF6805400FC'), np.str_('C48CE857-A0DD-4DDB-BEA5-3A25449B2153'), np.str_('CA820D43-E5E2-42EF-9798-BE56F776370B'), np.str_('D7D20E2E-FC78-405D-B346-DBD3FD8FC92B'), np.str_('E65577C1-8D5D-4F70-AF23-B3ADB9D3DBA3')]",4.98124885559082,"{'train': 1716, 'calib': 572, 'test': 572}","{'kind': 'ECDF on calibration scores', 'n': 9572, 'min': -20.83689893560744, 'max': 1.1452384583913442}",24,6,"{""mu_gen"": 0.9478394739285881, ""sd_gen"": 0.14884886239703676, ""mu_imp"": 0.6558327674467197, ""sd_imp"": 0.3983946129217424}","[0.0010447137484329294, 0.1389469285415796, 0.29231090681153366, 0.31101128290848307, 0.46991224404513166, 0.47858336815712493, 0.48725449226911827, 0.9946719598829921, 1.0]",10.468120098114014
CF722AA9-2533-4E51-9FEB-9EAC84EE9AAC,F7_F3_MISSINGNESS_ONLY,gradient_boosting,119,2169,47667,"[np.str_('1155FF54-63D3-4AB2-9863-8385D0BD0A13'), np.str_('136562B6-95B2-483D-88DC-065F28409FD2'), np.str_('1538C99F-BA1E-4EFB-A949-6C7C47701B20'), np.str_('1DBB0F6F-1F81-4A50-9DF4-CD62ACFA4842'), np.str_('3600D531-0C55-44A7-AE95-A7A38519464E'), np.str_('4FC32141-E888-4BFF-8804-12559A491D8C'), np.str_('59818CD2-24D7-4D32-B133-24C2FE3801E5'), np.str_('59EEFAE0-DEB0-4FFF-9250-54D2A03D0CF2'), np.str_('5EF64122-B513-46AE-BCF1-E62AAC285D2C'), np.str_('74B86067-5D4B-43CF-82CF-341B76BEA0F4'), np.str_('797D145F-3858-4A7F-A7C2-A4EB721E133C'), np.str_('83CF687B-7CEC-434B-9FE8-00C3D5799BE6'), np.str_('86A4F379-B305-473D-9D83-FC7D800180EF'), np.str_('96A358A0-FFF2-4239-B93E-C7425B901B47'), np.str_('9759096F-1119-4E19-A0AD-6F16989C7E1C'), np.str_('99B204C0-DD5C-4BB7-83E8-A37281B8D769'), np.str_('A5A30F76-581E-4757-97A2-957553A2C6AA'), np.str_('B7F9D634-263E-4A97-87F9-6FFB4DDCB36C'), np.str_('BE3CA5A6-A561-4BBD-B7C9-5DF6805400FC'), np.str_('C48CE857-A0DD-4DDB-BEA5-3A25449B2153'), np.str_('CA820D43-E5E2-42EF-9798-BE56F776370B'), np.str_('CDA3BBF7-6631-45E8-85BA-EEB416B32A3C'), np.str_('D7D20E2E-FC78-405D-B346-DBD3FD8FC92B'), np.str_('E65577C1-8D5D-4F70-AF23-B3ADB9D3DBA3')]",6.74041485786438,"{'train': 2169, 'calib': 723, 'test': 723}","{'kind': 'ECDF on calibration scores', 'n': 9723, 'min': -20.73983119831565, 'max': 0.6590980081241169}",24,6,"{""mu_gen"": 0.9995310375169987, ""sd_gen"": 0.017789694805026034, ""mu_imp"": 0.6623690819020193, ""sd_imp"": 0.3834274524955074}","[0.13678905687544995, 0.28777126401316466, 0.30618121978813123, 0.46539134012136174, 1.0]",10.423837423324585
D7D20E2E-FC78-405D-B346-DBD3FD8FC92B,F7_F3_MISSINGNESS_ONLY,gradient_boosting,119,3726,47581,"[np.str_('1155FF54-63D3-4AB2-9863-8385D0BD0A13'), np.str_('136562B6-95B2-483D-88DC-065F28409FD2'), np.str_('1538C99F-BA1E-4EFB-A949-6C7C47701B20'), np.str_('1DBB0F6F-1F81-4A50-9DF4-CD62ACFA4842'), np.str_('3600D531-0C55-44A7-AE95-A7A38519464E'), np.str_('4FC32141-E888-4BFF-8804-12559A491D8C'), np.str_('59818CD2-24D7-4D32-B133-24C2FE3801E5'), np.str_('59EEFAE0-DEB0-4FFF-9250-54D2A03D0CF2'), np.str_('5EF64122-B513-46AE-BCF1-E62AAC285D2C'), np.str_('74B86067-5D4B-43CF-82CF-341B76BEA0F4'), np.str_('797D145F-3858-4A7F-A7C2-A4EB721E133C'), np.str_('83CF687B-7CEC-434B-9FE8-00C3D5799BE6'), np.str_('86A4F379-B305-473D-9D83-FC7D800180EF'), np.str_('96A358A0-FFF2-4239-B93E-C7425B901B47'), np.str_('9759096F-1119-4E19-A0AD-6F16989C7E1C'), np.str_('99B204C0-DD5C-4BB7-83E8-A37281B8D769'), np.str_('A5A30F76-581E-4757-97A2-957553A2C6AA'), np.str_('B7F9D634-263E-4A97-87F9-6FFB4DDCB36C'), np.str_('BE3CA5A6-A561-4BBD-B7C9-5DF6805400FC'), np.str_('C48CE857-A0DD-4DDB-BEA5-3A25449B2153'), np.str_('CA820D43-E5E2-42EF-9798-BE56F776370B'), np.str_('CDA3BBF7-6631-45E8-85BA-EEB416B32A3C'), np.str_('E65577C1-8D5D-4F70-AF23-B3ADB9D3DBA3')]",4.082900285720825,"{'train': 3726, 'calib': 1242, 'test': 1242}","{'kind': 'ECDF on calibration scores', 'n': 10242, 'min': -17.933039954635973, 'max': 3.096959227245128}",24,6,"{""mu_gen"": 0.9723000268502245, ""sd_gen"": 0.007972702784287957, ""mu_imp"": 0.6475770384473519, ""sd_imp"": 0.3943426487024941}","[0.0, 0.12888107791446984, 0.2722124585041984, 0.28968951376684243, 0.4379027533684827, 0.9699277484866237, 0.9735666110885797, 0.979203280609256, 0.979593829330209, 0.9996094512790471]",12.845439195632935
E65577C1-8D5D-4F70-AF23-B3ADB9D3DBA3,F7_F3_MISSINGNESS_ONLY,gradient_boosting,119,2064,47581,"[np.str_('1155FF54-63D3-4AB2-9863-8385D0BD0A13'), np.str_('136562B6-95B2-483D-88DC-065F28409FD2'), np.str_('1538C99F-BA1E-4EFB-A949-6C7C47701B20'), np.str_('1DBB0F6F-1F81-4A50-9DF4-CD62ACFA4842'), np.str_('3600D531-0C55-44A7-AE95-A7A38519464E'), np.str_('4FC32141-E888-4BFF-8804-12559A491D8C'), np.str_('59818CD2-24D7-4D32-B133-24C2FE3801E5'), np.str_('59EEFAE0-DEB0-4FFF-9250-54D2A03D0CF2'), np.str_('5EF64122-B513-46AE-BCF1-E62AAC285D2C'), np.str_('74B86067-5D4B-43CF-82CF-341B76BEA0F4'), np.str_('797D145F-3858-4A7F-A7C2-A4EB721E133C'), np.str_('83CF687B-7CEC-434B-9FE8-00C3D5799BE6'), np.str_('86A4F379-B305-473D-9D83-FC7D800180EF'), np.str_('96A358A0-FFF2-4239-B93E-C7425B901B47'), np.str_('9759096F-1119-4E19-A0AD-6F16989C7E1C'), np.str_('99B204C0-DD5C-4BB7-83E8-A37281B8D769'), np.str_('A5A30F76-581E-4757-97A2-957553A2C6AA'), np.str_('B7F9D634-263E-4A97-87F9-6FFB4DDCB36C'), np.str_('BE3CA5A6-A561-4BBD-B7C9-5DF6805400FC'), np.str_('C48CE857-A0DD-4DDB-BEA5-3A25449B2153'), np.str_('CA820D43-E5E2-42EF-9798-BE56F776370B'), np.str_('CDA3BBF7-6631-45E8-85BA-EEB416B32A3C'), np.str_('D7D20E2E-FC78-405D-B346-DBD3FD8FC92B')]",3.904052972793579,"{'train': 2064, 'calib': 688, 'test': 689}","{'kind': 'ECDF on calibration scores', 'n': 9688, 'min': -20.749743215190573, 'max': 0.6903515991074464}",24,6,"{""mu_gen"": 0.9869307462267181, ""sd_gen"": 0.08161763909958054, ""mu_imp"": 0.695983648155794, ""sd_imp"": 0.35055020535571546}","[0.17526837324525185, 0.18259702725020643, 0.319570602807597, 0.4712014863748968, 0.476878612716763, 1.0]",8.031869649887085
ECECC2AB-D32F-4F90-B74C-E12A1C69BBE2,F7_F3_MISSINGNESS_ONLY,gradient_boosting,119,2118,47667,"[np.str_('1155FF54-63D3-4AB2-9863-8385D0BD0A13'), np.str_('136562B6-95B2-483D-88DC-065F28409FD2'), np.str_('1538C99F-BA1E-4EFB-A949-6C7C47701B20'), np.str_('1DBB0F6F-1F81-4A50-9DF4-CD62ACFA4842'), np.str_('3600D531-0C55-44A7-AE95-A7A38519464E'), np.str_('4FC32141-E888-4BFF-8804-12559A491D8C'), np.str_('59818CD2-24D7-4D32-B133-24C2FE3801E5'), np.str_('59EEFAE0-DEB0-4FFF-9250-54D2A03D0CF2'), np.str_('5EF64122-B513-46AE-BCF1-E62AAC285D2C'), np.str_('74B86067-5D4B-43CF-82CF-341B76BEA0F4'), np.str_('797D145F-3858-4A7F-A7C2-A4EB721E133C'), np.str_('83CF687B-7CEC-434B-9FE8-00C3D5799BE6'), np.str_('86A4F379-B305-473D-9D83-FC7D800180EF'), np.str_('96A358A0-FFF2-4239-B93E-C7425B901B47'), np.str_('9759096F-1119-4E19-A0AD-6F16989C7E1C'), np.str_('99B204C0-DD5C-4BB7-83E8-A37281B8D769'), np.str_('A5A30F76-581E-4757-97A2-957553A2C6AA'), np.str_('B7F9D634-263E-4A97-87F9-6FFB4DDCB36C'), np.str_('BE3CA5A6-A561-4BBD-B7C9-5DF6805400FC'), np.str_('C48CE857-A0DD-4DDB-BEA5-3A25449B2153'), np.str_('CA820D43-E5E2-42EF-9798-BE56F776370B'), np.str_('CDA3BBF7-6631-45E8-85BA-EEB416B32A3C'), np.str_('D7D20E2E-FC78-405D-B346-DBD3FD8FC92B'), np.str_('E65577C1-8D5D-4F70-AF23-B3ADB9D3DBA3')]",6.812501668930054,"{'train': 2118, 'calib': 706, 'test': 706}","{'kind': 'ECDF on calibration scores', 'n': 9706, 'min': -21.709410573168785, 'max': 5.066339394155684}",24,6,"{""mu_gen"": 0.9971744281887492, ""sd_gen"": 0.014315490149568752, ""mu_imp"": 0.5979971581152551, ""sd_imp"": 0.3625917421118007}","[0.0009272614877395425, 0.13692561302287246, 0.28817226457861117, 0.30991139501339376, 0.4660004121162168, 0.9240675870595508, 1.0]",11.288904190063477
FDAA70A1-42A3-4E3F-9AE3-3FDA412E03BF,F7_F3_MISSINGNESS_ONLY,gradient_boosting,119,2983,47667,"[np.str_('1155FF54-63D3-4AB2-9863-8385D0BD0A13'), np.str_('136562B6-95B2-483D-88DC-065F28409FD2'), np.str_('1538C99F-BA1E-4EFB-A949-6C7C47701B20'), np.str_('1DBB0F6F-1F81-4A50-9DF4-CD62ACFA4842'), np.str_('3600D531-0C55-44A7-AE95-A7A38519464E'), np.str_('4FC32141-E888-4BFF-8804-12559A491D8C'), np.str_('59818CD2-24D7-4D32-B133-24C2FE3801E5'), np.str_('59EEFAE0-DEB0-4FFF-9250-54D2A03D0CF2'), np.str_('5EF64122-B513-46AE-BCF1-E62AAC285D2C'), np.str_('74B86067-5D4B-43CF-82CF-341B76BEA0F4'), np.str_('797D145F-3858-4A7F-A7C2-A4EB721E133C'), np.str_('83CF687B-7CEC-434B-9FE8-00C3D5799BE6'), np.str_('86A4F379-B305-473D-9D83-FC7D800180EF'), np.str_('96A358A0-FFF2-4239-B93E-C7425B901B47'), np.str_('9759096F-1119-4E19-A0AD-6F16989C7E1C'), np.str_('99B204C0-DD5C-4BB7-83E8-A37281B8D769'), np.str_('A5A30F76-581E-4757-97A2-957553A2C6AA'), np.str_('B7F9D634-263E-4A97-87F9-6FFB4DDCB36C'), np.str_('BE3CA5A6-A561-4BBD-B7C9-5DF6805400FC'), np.str_('C48CE857-A0DD-4DDB-BEA5-3A25449B2153'), np.str_('CA820D43-E5E2-42EF-9798-BE56F776370B'), np.str_('CDA3BBF7-6631-45E8-85BA-EEB416B32A3C'), np.str_('D7D20E2E-FC78-405D-B346-DBD3FD8FC92B'), np.str_('E65577C1-8D5D-4F70-AF23-B3ADB9D3DBA3')]",4.1217100620269775,"{'train': 2983, 'calib': 995, 'test': 995}","{'kind': 'ECDF on calibration scores', 'n': 9995, 'min': -20.742756376946705, 'max': 0.6521796265383046}",24,6,"{""mu_gen"": 0.9981407370351841, ""sd_gen"": 0.03149791211588898, ""mu_imp"": 0.6823584014229337, ""sd_imp"": 0.35704607747837774}","[0.1376688344172086, 0.16278139069534767, 0.3098549274637319, 0.45672836418209106, 1.0]",10.76322627067566
