genuine_uuid,n_train_genuine,n_train_impostor,n_train_impostor_users,n_features_used,platt_coef,platt_intercept,val_eer,val_auc,val_far_at_0.5,val_frr_at_0.5,val_brier_balanced,val_genuine_frac_p_le_0.4,val_genuine_frac_band_0.4_0.6,val_impostor_frac_p_ge_0.6,val_impostor_frac_band_0.4_0.6,val_genuine_median_p,val_impostor_median_p,val_n_genuine,val_n_impostor,val_eer_raw,test_eer,test_auc,test_far_at_0.5,test_frr_at_0.5,test_brier_balanced,test_genuine_frac_p_le_0.4,test_genuine_frac_band_0.4_0.6,test_impostor_frac_p_ge_0.6,test_impostor_frac_band_0.4_0.6,test_genuine_median_p,test_impostor_median_p,test_n_genuine,test_n_impostor,test_eer_raw,val_frac_within_90s_of_train,test_frac_within_90s_of_train,test_transitions_at_0.5,test_transitions_per_hour_at_0.5,fit_seconds
00EABED2-271D-49D8-B599-1D4A09240601,1372,28000,28,52,0.7796151093447407,0.44091259703710833,0.04264810080203024,0.9859743037800762,0.03361199192850966,0.04205607476635514,0.03386961650321399,0.04205607476635514,0.009345794392523364,0.023292014989910636,0.02525223407321995,0.9846334096338216,0.011261925732373102,428,17345,0.04264810080203024,0.198574583455438,0.917352910943708,0.07860860038345659,0.2680652680652681,0.13274204912441567,0.23543123543123542,0.08158508158508158,0.0504519309778143,0.06425636811832375,0.9691300723684727,0.023241541746078887,429,18255,0.198574583455438,0.0,0.0,52,7.2727272727272725,1.32
098A72A5-E3E5-4F54-A152-BBDA0DF7B694,4087,28000,28,52,0.97167397741572,1.0658316362860953,0.09290799233932656,0.9769529127575346,0.10084033613445378,0.08545727136431784,0.06217636524833052,0.05622188905547226,0.05547226386806597,0.07547069460695671,0.0546218487394958,0.9855484658324736,0.001983391532369155,1334,18802,0.09290799233932656,0.06578848984791497,0.9886221621711081,0.08898952731389753,0.03973013493253373,0.04543962568355775,0.027736131934032984,0.035982008995502246,0.06719501839796208,0.042513444664591,0.9991739007386202,0.0020779493021241824,1334,17665,0.06578848984791497,0.0,0.0,59,2.653673163418291,1.87
0A986513-7828-4D53-AA1F-E02D6DF9561B,2376,28000,28,52,0.78517183429587,1.4147094360577508,0.0684298995999028,0.9797195831954312,0.06165161753273934,0.07339449541284404,0.051155062834593465,0.06422018348623854,0.015727391874180863,0.047838306523949055,0.029300962745918795,0.9914421409774465,0.02569375359328348,763,16723,0.0684298995999028,0.09434937329535048,0.9545810467753201,0.15750103892505887,0.0327653997378768,0.07676826904953854,0.02490170380078637,0.023591087811271297,0.13457542595927413,0.045989749272752456,0.9822716192149752,0.04979807554942619,763,14438,0.09434937329535048,0.0,0.0,14,1.1009174311926606,1.38
0BFC35E2-4817-4865-BFA7-764742302A2D,1864,28000,28,52,0.7567593744910872,1.5105285393876484,0.07225261305541651,0.9800128440459757,0.05917808219178082,0.07641196013289037,0.05173257763718621,0.06976744186046512,0.019933554817275746,0.036834094368340946,0.05156773211567732,0.9843850280599445,0.02600452589625097,602,16425,0.07225261305541651,0.11637224370323512,0.964852654391921,0.0565178342314601,0.1539708265802269,0.08208752027887506,0.1458670988654781,0.01620745542949757,0.046125224531691045,0.023479599692070825,0.9834940408054534,0.016458132201338627,617,15588,0.11637224370323512,0.0,0.0,33,3.2090761750405186,1.51
0E6184E1-90C0-48EE-B25A-F1ECB7B9714E,4512,28000,28,52,0.9974449704657704,2.0957302651098364,0.03454561713144633,0.9952428555438579,0.04081387671808415,0.024324324324324326,0.024919685895786768,0.018243243243243244,0.018243243243243244,0.03325130544385091,0.014584958886021248,0.9997327052155927,0.0009912102168084726,1480,16661,0.03454561713144633,0.020182797701045162,0.9986410212625341,0.047362015134677464,0.007427413909520594,0.02054873800071234,0.0054017555705604325,0.008102633355840648,0.035243689474519765,0.023919140604328728,0.9999720828099337,0.0015187265330139574,1481,18897,0.020182797701045162,0.0,0.0,10,0.4051316677920324,1.93
11B5EC4D-4133-4289-B475-4E737182A406,5307,28000,28,52,0.8864097900630981,1.8046912902500887,0.078089945706967,0.9826542198457092,0.07251948051948053,0.08395629672225417,0.054091214562040385,0.0621046578493387,0.04082806210465785,0.05579220779220779,0.03761038961038961,0.9980842147891748,0.011205204436561486,1739,19250,0.078089945706967,0.04759483312129681,0.992812259968697,0.09045784560675656,0.022413793103448276,0.03941602309976078,0.017241379310344827,0.017241379310344827,0.06867684101348348,0.04452511483182694,0.9991958258564323,0.013249535861074859,1740,13498,0.04759483312129681,0.0,0.0,36,1.2413793103448276,1.48
136562B6-95B2-483D-88DC-065F28409FD2,3730,28000,28,52,0.8966957739953101,0.9119472781476317,0.08440339466252739,0.9752768488906145,0.08403312677361441,0.08477366255144032,0.06247539381411875,0.06666666666666667,0.04526748971193416,0.06202582961718886,0.05136966467828807,0.9889262088122625,0.008336852189912185,1215,17267,0.08440339466252739,0.10160555501925322,0.9659031956466555,0.15193310165073848,0.06255144032921811,0.07807681380633379,0.050205761316872426,0.03786008230452675,0.11446568201563857,0.08020199826238054,0.9830550288228531,0.06847926642070774,1215,18416,0.10160555501925322,0.0,0.0,70,3.45679012345679,1.9
1538C99F-BA1E-4EFB-A949-6C7C47701B20,3929,28000,28,52,0.7839121480197783,1.128980079267024,0.10933111811578815,0.9598265579044819,0.1271018542037084,0.06401249024199844,0.07361665768157226,0.0234192037470726,0.10460577673692428,0.10393700787401575,0.046583693167386336,0.9557395695219935,0.0187931958421332,1281,19685,0.10933111811578815,0.07980753520212154,0.9738155885833027,0.13237924865831843,0.06479313036690086,0.07394197954160406,0.06088992974238876,0.01014832162373146,0.1079734219269103,0.057372859698441095,0.9953707821700126,0.013786094947977258,1281,15652,0.07980753520212154,0.0,0.0,16,0.7494145199063231,2.26
1DBB0F6F-1F81-4A50-9DF4-CD62ACFA4842,4425,28000,28,52,0.8820574163124973,1.5030711851039182,0.013947380489995756,0.9993201751611495,0.012682815356489945,0.01522491349480969,0.010092431790446593,0.011072664359861591,0.006228373702422145,0.010569012797074954,0.004113345521023766,0.9999682307614914,0.0009427338482140483,1445,17504,0.013947380489995756,0.017143421174242,0.9988065341493085,0.02772761075108892,0.009681881051175657,0.015560231511441203,0.006224066390041493,0.006915629322268326,0.023796876659938383,0.013067034951662594,0.9999480109436898,0.0016106891656663543,1446,18826,0.017143421174242,0.0,0.0,25,1.0373443983402488,2.04
24E40C4C-A349-4F9F-93AB-01D00FB994AF,2862,28000,28,52,0.7510081052101294,1.4575939880352655,0.13943902247029138,0.9329651308724782,0.16771995383854482,0.10702702702702703,0.10043455551072067,0.07243243243243243,0.08,0.12991152387756225,0.07512227290212672,0.873687163044261,0.055421916568146545,925,18197,0.13943902247029138,0.1511892270140088,0.9194473158557918,0.14372283773030545,0.16090712742980562,0.11399904051504633,0.11771058315334773,0.08531317494600432,0.1124441451918957,0.06537307951276244,0.8499902185936079,0.03773840756210673,926,16337,0.1511892270140088,0.0,0.0,150,9.719222462203023,2.13
27E04243-B138-4F40-A164-F40B60165CF3,2956,28000,28,52,1.121459740911824,0.49168403343952,0.007312027408592463,0.9995610048848689,0.007914624183006536,0.006276150627615063,0.0064705081077411205,0.006276150627615063,0.005230125523012552,0.005463643790849673,0.005667892156862745,0.9999643295821954,4.1131342743762906e-05,956,19584,0.007312027408592463,0.0039758801085403835,0.9995914799983433,0.006382639221318015,0.0020876826722338203,0.0036298353798905965,0.0020876826722338203,0.0,0.005531620658475613,0.0019147917663954045,0.9999796576099949,4.1528156828764554e-05,958,18801,0.0039758801085403835,0.0,0.0,3,0.18789144050104384,1.95
2C32C23E-E30C-498A-8DD2-0EFB9150A02E,5109,28000,28,52,0.6935119604737042,0.35913887626921864,0.07590250460907197,0.9719378992387077,0.0813545200261858,0.06810035842293907,0.06053958534964579,0.04420549581839905,0.05316606929510155,0.06445277628994822,0.04112360887936678,0.9735874167156764,0.017554808352854282,1674,16803,0.07590250460907197,0.06500994885242606,0.9832963166206576,0.07561044063991018,0.05492537313432836,0.05271061263800173,0.03582089552238806,0.05791044776119403,0.0498456357002526,0.06427168116755543,0.9813706567894223,0.026296710622032145,1675,17815,0.06500994885242606,0.0,0.0,140,5.014925373134328,2.28
33A85C34-CFE4-4732-9E73-0A7AC861B27A,3703,28000,28,52,0.8890800142402098,1.5630903745044482,0.06582033508448991,0.9852494714496889,0.05350038596282881,0.08388157894736842,0.047322845915923895,0.0625,0.03453947368421053,0.04103081764740811,0.028442491538507215,0.9977455803146633,0.021300933515851425,1216,16841,0.06582033508448991,0.06395380708827154,0.9846783928679109,0.13604240282685512,0.026533996683250415,0.062195191883519144,0.02155887230514096,0.013266998341625208,0.11341616322808618,0.046335347087655306,0.9988382590283176,0.02396266840466285,1206,17546,0.06395380708827154,0.0,0.0,53,2.6368159203980097,1.76
3600D531-0C55-44A7-AE95-A7A38519464E,3121,28000,28,52,0.8370582611949814,0.592848544537919,0.07977926623743375,0.9795359633407132,0.09155010981389435,0.06777996070726916,0.05587047853860992,0.04911591355599214,0.04027504911591356,0.06958733094439949,0.04635302277193388,0.9957307894600915,0.007763303119929074,1018,17302,0.07977926623743375,0.0831083391854574,0.9777018476975229,0.14629748124018382,0.04541062801932367,0.06693638042257785,0.034782608695652174,0.028019323671497585,0.11261706706997848,0.07224710604386016,0.9931771750300309,0.007021846525216176,1035,17191,0.0831083391854574,0.0,0.0,47,2.7246376811594204,2.01
40E170A7-607B-4578-AF04-F021C3B0384A,4589,28000,28,52,0.7333286002733682,0.9032259603820534,0.02805052008338525,0.9977929258253412,0.020904074702886247,0.03530979347101932,0.019488791999516124,0.02798134576948701,0.013324450366422385,0.01596986417657046,0.01220288624787776,0.9996316957415542,0.0022425152646043433,1501,18848,0.02805052008338525,0.024743942323693327,0.9984040453805606,0.04626096271004887,0.014656895403064623,0.0191577336384757,0.011992005329780146,0.006662225183211193,0.03595099417553726,0.018209814554462075,0.999834317916767,0.001838593950748199,1501,14937,0.024743942323693327,0.0,0.0,32,1.279147235176549,1.86
481F4DD2-7689-43B9-A2AA-C8772227162B,4014,28000,28,52,0.8534385968969495,-0.03859761990807445,0.0374043338377051,0.9939491949519863,0.0367311072056239,0.03896103896103896,0.02842505926757203,0.03132161955691368,0.019862490450725745,0.026127709431751613,0.02337434094903339,0.9982534797445548,0.0026455292618436993,1309,17070,0.0374043338377051,0.028347117069870933,0.9968203230273782,0.01749438913506359,0.04430863254392666,0.021984789749839917,0.03361344537815126,0.02215431627196333,0.013063244518616563,0.00978304655579214,0.9987942388715515,0.001695613701264924,1309,17377,0.028347117069870933,0.0,0.0,86,3.941940412528648,2.17
4E98F91F-4654-42EF-B908-A3389443F2E7,1950,28000,28,52,0.7593165748345442,1.5588747243250523,0.030678199350001517,0.9951581421538735,0.024919941775836972,0.033707865168539325,0.02304873196277804,0.03210272873194221,0.006420545746388443,0.018806404657933044,0.011877729257641922,0.9994908045616587,0.005792993826217363,623,17175,0.030678199350001517,0.019783344888719953,0.9978998010815683,0.015681774717919296,0.029411764705882353,0.015228760345814617,0.021671826625386997,0.01238390092879257,0.012558169184675208,0.006565946324982469,0.9996275054495143,0.006120736812156286,646,15687,0.019783344888719953,0.0,0.0,28,2.6006191950464395,1.61
4FC32141-E888-4BFF-8804-12559A491D8C,2987,28000,28,52,0.4130347150103882,1.2820414694041256,0.2668352265413926,0.835472467571311,0.2453926614643865,0.2998965873836608,0.1702137346035089,0.19751809720785937,0.21923474663908996,0.18523437932370357,0.134539819580497,0.683234707423589,0.2324159678573661,967,18069,0.2668352265413926,0.12185721423999228,0.9505787220872852,0.2201054713249835,0.06928645294725956,0.10119219762907146,0.05480868665977249,0.028955532574974147,0.17719182597231378,0.0997363216875412,0.9681932290052613,0.20653594130925176,967,15170,0.12185721423999228,0.0,0.0,35,2.171664943123061,1.69
5119D0F8-FCA8-4184-A4EB-19421A40DE0D,3970,28000,28,52,0.737627333426194,0.24745613434321545,0.055774149890284314,0.9856439744411566,0.04253175891208238,0.0695517774343122,0.042555541386144674,0.0517774343122102,0.02627511591962906,0.030835525211259724,0.027869494655548714,0.9961672080310049,0.009632336259750079,1294,17869,0.055774149890284314,0.05396213043368675,0.9899516469048534,0.028087113939327446,0.09420849420849421,0.04362297748712243,0.06563706563706563,0.06177606177606178,0.018596741455921884,0.02369850238630753,0.9952843968080959,0.017946158560476825,1295,18229,0.05396213043368675,0.0,0.0,104,4.818532818532819,1.53
5152A2DF-FAF3-4BA8-9CA9-E66B32671A53,3970,28000,28,52,0.4246077440592562,0.3862071686815761,0.18998378834104235,0.9016018042493358,0.20917206371433572,0.15069551777434312,0.12625257232548917,0.10587326120556415,0.1267387944358578,0.16908804481008227,0.08040142365365541,0.8303788986510738,0.09458743474782395,1294,17139,0.18998378834104235,0.0951896614245798,0.960518792136961,0.11320085166784954,0.05945945945945946,0.0845359415956834,0.02084942084942085,0.1498069498069498,0.073870357227348,0.08226874852140999,0.7437455081110997,0.08756829443136896,1295,16908,0.0951896614245798,0.0,0.0,114,5.281853281853282,2.19
59818CD2-24D7-4D32-B133-24C2FE3801E5,3568,28000,28,52,0.740216067393374,1.5944311651369065,0.08667795821444964,0.9749236866668052,0.10400179603749228,0.07191780821917808,0.06281509314205877,0.053082191780821915,0.04965753424657534,0.08205646292866364,0.04518156816523545,0.9742891200569384,0.013373429783612384,1168,17817,0.08667795821444964,0.08648761288930015,0.978308606567729,0.19164946394086702,0.03189655172413793,0.07555234276214415,0.02327586206896552,0.02586206896551724,0.15469134980355598,0.07338349870147166,0.9991672775572499,0.05220971316051622,1160,15017,0.08648761288930015,0.0,0.0,44,2.2758620689655173,2.25
59EEFAE0-DEB0-4FFF-9250-54D2A03D0CF2,4525,28000,28,52,0.874575855665688,0.7151594619319438,0.024819993745848132,0.9973681718170372,0.020142821965033243,0.029014844804318488,0.018856674795090983,0.023616734143049933,0.01349527665317139,0.014380694410243783,0.014626939177542478,0.9998541321343588,0.0009950900214807498,1482,20305,0.024819993745848132,0.11026418805585733,0.9692755406832564,0.10175809156985774,0.11689189189189189,0.08503998646030925,0.10743243243243243,0.02027027027027027,0.0898304031807169,0.023606883270174565,0.9997782198804188,0.005120542480839158,1480,16097,0.11026418805585733,0.0,0.0,81,3.2837837837837838,2.1
5EF64122-B513-46AE-BCF1-E62AAC285D2C,2346,28000,28,52,1.4290416217001287,4.898409780289646,0.03730103337579686,0.9948906941911289,0.03456761861157214,0.035856573705179286,0.02714351175871386,0.03054448871181939,0.0199203187250996,0.026555256681737537,0.0195730555714531,0.9999990227231285,0.002153889692624256,753,17473,0.03730103337579686,0.03559219891005423,0.9943840926202209,0.03634368342908786,0.033156498673740056,0.026651820225408247,0.027851458885941646,0.011936339522546418,0.02711251694532309,0.01923697630882448,0.999990915584188,0.0013706526888438947,754,15491,0.03559219891005423,0.0,0.0,20,1.5915119363395225,1.26
61359772-D8D8-480D-B623-7C636EAD0C81,3647,28000,28,52,1.7092937156462678,2.670519171368299,0.0007504288164665523,0.9999848270500461,0.0015008576329331046,0.0,0.0007325306631461807,0.0,0.0,0.0015008576329331046,0.0,0.9999999967085251,1.5661282400764256e-07,1187,18656,0.0007504288164665523,0.0007062978222483814,0.9999647645128024,0.0014125956444967628,0.0016863406408094434,0.001602065536089665,0.0016863406408094434,0.0016863406408094434,0.0014125956444967628,0.0,0.999999993330144,1.8581688775278056e-07,1186,16990,0.0007062978222483814,0.0,0.0,4,0.20236087689713322,2.27
61976C24-1C50-4355-9C49-AAE44A7D09F6,5238,28000,28,52,0.9807301308987361,1.194387189027975,0.04590723795362858,0.9940361832400506,0.04819432779895342,0.0448456610366919,0.03177216071158229,0.033197437390797904,0.027373325567850902,0.0367594805866012,0.024549389495445443,0.9998633336937959,0.002069799936640416,1717,15479,0.04590723795362858,0.07513731449348998,0.9664573405799607,0.14624547968517337,0.0128130460104834,0.06404146391436942,0.008153756552125802,0.007571345369831101,0.12874920229738354,0.03525845564773453,0.9998853438410432,0.001218292044294647,1717,18804,0.07513731449348998,0.0,0.0,36,1.2580081537565522,2.08
665514DE-49DC-421F-8DCB-145D0B2609AD,5500,28000,28,52,1.0262155252930947,0.7646045043622992,0.015618789627828929,0.9989036455453735,0.015760441292356184,0.01552967276760954,0.01164035765910472,0.011092623405435386,0.00887409872434831,0.011662726556343577,0.008983451536643027,0.9999640689909551,0.00017546157883041225,1803,19035,0.015618789627828929,0.023919197329644457,0.9971955300212677,0.018744200433034333,0.03492239467849224,0.020163178556408753,0.026607538802660754,0.020509977827051,0.015712960098979278,0.0069285493349829875,0.9992958145821892,0.00019237346969190586,1804,16165,0.023919197329644457,0.0,0.0,102,3.3924611973392462,2.43
74B86067-5D4B-43CF-82CF-341B76BEA0F4,4378,28000,28,52,0.6265040508805351,1.3389007457758286,0.07600258631173226,0.9848263232043453,0.05985740341568562,0.08932309839497557,0.0514807945598634,0.07466852756454989,0.03210048848569435,0.04537666500856685,0.03227767644945559,0.9992193682041419,0.018503259715050718,1433,18093,0.07600258631173226,0.016008158766359713,0.9988069151556185,0.06533185020393029,0.0041928721174004195,0.023659500224695037,0.0041928721174004195,0.0020964360587002098,0.04575454208379681,0.03670745272525028,0.9991572373325072,0.016828817175399427,1431,13485,0.016008158766359713,0.0,0.0,10,0.4192872117400419,1.75
78A91A4E-4A51-4065-BDA7-94755F0BB3BB,7197,28000,28,52,1.0254851049362008,-0.1686795333371197,0.07080731908364553,0.981873352430853,0.08291424887169568,0.06118143459915612,0.05253668665983094,0.04556962025316456,0.03164556962025317,0.06563507414571244,0.03720180528691167,0.9844782126251874,0.006508552657322524,2370,15510,0.07080731908364553,0.08221304207215296,0.9784637034459669,0.10229422894985808,0.06706031210459722,0.05939135207525913,0.05525094896668072,0.029523407844791228,0.0744441816461684,0.05747398297067171,0.9878595708195498,0.012047293296908335,2371,16912,0.08221304207215296,0.0,0.0,152,3.8464782792070857,2.3
797D145F-3858-4A7F-A7C2-A4EB721E133C,2155,28000,28,52,1.1782107290051291,0.34556898069830055,0.014151193366569618,0.9990129200975776,0.01763826606875934,0.011560693641618497,0.012196380835394796,0.011560693641618497,0.002890173410404624,0.013801694070752367,0.008520179372197309,0.9998558391178574,0.00015775373582780478,692,20070,0.014151193366569618,0.019117844721853523,0.9975722846098273,0.020313891362422083,0.015965166908563134,0.01592493547000905,0.013062409288824383,0.008708272859216255,0.016918967052537846,0.007290739091718611,0.9994385234404813,0.0001044231159960315,689,17968,0.019117844721853523,0.0,0.0,22,1.9158200290275764,1.6
7CE37510-56D0-4120-A1CF-0E23351428D2,5856,28000,28,52,1.2289221247048536,0.8028869112825825,0.06089629813173309,0.988043004031997,0.06890862328335032,0.047321892875715026,0.04137979213573692,0.029121164846593862,0.039521580863234526,0.05551511622264279,0.028242830106274566,0.9935107052481106,0.0013511540064315678,1923,20607,0.06089629813173309,0.04514505647492276,0.9927754613397259,0.050767706785537395,0.04158004158004158,0.032927477953847095,0.032224532224532226,0.018191268191268192,0.03900445765230312,0.025507677067855374,0.9975795878978166,0.0005366400285948317,1924,16152,0.04514505647492276,0.0,0.0,88,2.744282744282744,2.34
8023FE1A-D3B0-4E2C-A57A-9321B7FC755F,5513,28000,28,52,1.0675818294868034,0.408899663965115,0.0398859557080211,0.9953779021071011,0.03716176982928812,0.04314159292035398,0.02723638770599186,0.0293141592920354,0.0293141592920354,0.025780977819068632,0.02444547671582859,0.999860480165734,0.00043468663117249805,1808,17222,0.0398859557080211,0.05412574320608586,0.9902202988691811,0.04042603271742968,0.07849640685461581,0.042927092219560106,0.058595909342177996,0.05085682697622996,0.029892903377662705,0.021772390255384255,0.9996265727764345,0.00036921633456408456,1809,16994,0.05412574320608586,0.0,0.0,184,6.102819237147596,1.94
806289BC-AD52-4CC1-806C-0CDB14D65EB6,5545,28000,28,52,0.9125070579410219,1.580385298979821,0.011638931888544889,0.9994394687699641,0.01045751633986928,0.011513157894736841,0.008484452115696494,0.010964912280701754,0.003289473684210526,0.00778089013383131,0.005477746654217242,0.9999839655240413,0.00010303137283419659,1824,16065,0.011638931888544889,0.013619898932168134,0.999040070068132,0.02605760101276506,0.007692307692307693,0.012349846717699883,0.004395604395604396,0.004395604395604396,0.021626753876991242,0.00838696064985758,0.9999733434865239,7.298253912007856e-05,1820,18958,0.013619898932168134,0.0,0.0,24,0.7912087912087913,2.18
81536B0A-8DBF-4D8A-AC24-9543E2E4C8E0,3844,28000,28,52,0.7584352369772555,-0.973903355264761,0.02720951175691251,0.9973205464278766,0.028709447219630015,0.026232114467408585,0.020669865842362578,0.02066772655007949,0.012718600953895072,0.022616237580282153,0.014327276719547675,0.9981891062286878,0.0007436490534778443,1258,18217,0.02720951175691251,0.017132159609932827,0.9984310636532207,0.0065464261857047425,0.07419100236779795,0.02791891947324105,0.05445935280189424,0.03472770323599053,0.004943219772879092,0.0032064128256513026,0.9964354420239645,0.0003235838254642393,1267,14970,0.017132159609932827,0.0,0.0,117,5.540647198105762,1.8
83CF687B-7CEC-434B-9FE8-00C3D5799BE6,5723,28000,28,52,1.1614914939617917,0.7344619597438697,0.033526129952618486,0.9940993418021654,0.028976212686567165,0.03778605641298563,0.026366890797597842,0.03139968068121341,0.014369345396487493,0.02273787313432836,0.014167444029850746,0.9977498527074738,0.0018011224633975522,1879,17152,0.033526129952618486,0.06560876153428201,0.9849594515384581,0.015114521567259622,0.2118147951037786,0.08550263055491526,0.17136774880255454,0.08940926024481106,0.011045227299151262,0.009010580165097083,0.9422414316138641,0.00023659132877855345,1879,17202,0.06560876153428201,0.0,0.0,274,8.74933475252794,2.25
86A4F379-B305-473D-9D83-FC7D800180EF,6442,28000,28,52,1.1287815196989692,0.7763948051335602,0.014136780397999118,0.9992094466704764,0.013986013986013986,0.014643363249881908,0.010601646033932089,0.013226263580538498,0.0051960321209258385,0.010606060606060607,0.0073426573426573424,0.9999889840178566,0.00010535061426852343,2117,17160,0.014136780397999118,0.018696562223004767,0.998655510689444,0.014143593431619321,0.025870178739416744,0.013682939607582621,0.01881467544684854,0.008466603951081843,0.010188181709217307,0.008390267289943666,0.9999776852274931,8.646750563468566e-05,2126,16686,0.018696562223004767,0.0,0.0,71,2.00376293508937,1.9
96A358A0-FFF2-4239-B93E-C7425B901B47,3491,28000,28,52,0.9414800421193187,1.743465267186917,0.013936354425829169,0.9984686241492742,0.015196154442549233,0.013192612137203167,0.011491941519740796,0.009674582233948988,0.006156552330694811,0.012663462035457694,0.004238383211867473,0.9997121848197513,0.0016399544832783784,1137,19347,0.013936354425829169,0.038896466118219036,0.9955277186585765,0.09824706857751984,0.0026431718061674008,0.042751226812282196,0.000881057268722467,0.0026431718061674008,0.09345019542816535,0.008646215800071065,0.9999383705942066,0.002663854830428496,1135,16886,0.038896466118219036,0.0,0.0,6,0.3171806167400881,1.4
9759096F-1119-4E19-A0AD-6F16989C7E1C,5975,28000,28,52,0.7550165788977196,0.482037054720968,0.1247233235139944,0.9583377668771111,0.13871635610766045,0.09679062659195109,0.0801296764071123,0.05399898115129903,0.0911869587366276,0.11292517006802721,0.053593611357586515,0.9449933797118203,0.01834474055449842,1963,16905,0.1247233235139944,0.13799695381084848,0.9399769439841992,0.10158913980570032,0.1726948548140601,0.09860404607422847,0.130412633723892,0.08609271523178808,0.0686482661004954,0.07418130348066654,0.9423645619555143,0.04702919716659461,1963,15543,0.13799695381084848,0.0,0.0,180,5.5017829852266935,2.29
99B204C0-DD5C-4BB7-83E8-A37281B8D769,3622,28000,28,52,1.1125765835986856,1.610041417477341,0.030034400451262787,0.9955596634675329,0.033261179451982474,0.02801358234295416,0.024261738855123706,0.017826825127334467,0.019524617996604415,0.027612058497439418,0.013462858349611953,0.9999698494165208,0.0012549451396351129,1178,18941,0.030034400451262787,0.030667848662822066,0.9969008248319983,0.02047860101242522,0.03904923599320883,0.021930333763308472,0.03310696095076401,0.010186757215619695,0.0155315232397607,0.01058444546709618,0.9999091408970907,0.0011846837548783466,1178,17384,0.030667848662822066,0.0,0.0,35,1.7826825127334465,1.75
9DC38D04-E82E-4F29-AB52-B476535226F2,5811,28000,28,52,0.9937405692569943,0.8258978106817926,0.06446421016576512,0.9861606388855967,0.07934378239921937,0.04874213836477988,0.045758152375089525,0.031446540880503145,0.03668763102725367,0.0608038055741904,0.038238702201622246,0.9976649556065897,0.000950563317826607,1908,16397,0.06446421016576512,0.09530702576083633,0.9676609858164752,0.13393047558114737,0.045573598742797275,0.06636296141855924,0.03195390256678889,0.042954426401257205,0.11020473448496482,0.04857112390701642,0.9719401924735128,0.0009738036257310649,1909,18756,0.09530702576083633,0.0,0.0,122,3.8344683080146673,2.48
A5CDF89D-02A2-4EC1-89F8-F534FDABDD96,3624,28000,28,52,0.7707062133873465,1.393997634613218,0.09312273218389588,0.9718110803917399,0.08921161825726141,0.10093299406276506,0.06697119091140198,0.07888040712468193,0.04495335029686175,0.06354475400118553,0.056075874333135746,0.973143806538506,0.022510404735020112,1179,16870,0.09312273218389588,0.06272826060730917,0.9858664484050758,0.03512035010940919,0.13825275657336725,0.05925108275022318,0.09499575911789652,0.089058524173028,0.024452954048140043,0.02587527352297593,0.892994639317373,0.004484499904914646,1179,18280,0.06272826060730917,0.0,0.0,204,10.381679389312978,2.33
A7599A50-24AE-46A6-8EA6-2576F1011D81,2338,28000,28,52,1.5279308968745189,2.7811499358379694,0.05751812149055641,0.9879969780500255,0.0632771822358346,0.05333333333333334,0.04262335246660451,0.04,0.03333333333333333,0.04814701378254211,0.03552833078101072,0.9974091718695272,0.00200144492798789,750,16325,0.05751812149055641,0.02014864450404727,0.9972338487772741,0.07556058036555492,0.011968085106382979,0.030131122412608742,0.009308510638297872,0.0026595744680851063,0.05659192261792601,0.03862822687017147,0.999999362439509,0.0012186498651525117,752,15921,0.02014864450404727,0.0,0.0,10,0.7978723404255319,1.19
A76A5AF5-5A93-4CF2-A16E-62353BB70E8A,4512,28000,28,52,0.6795892680217557,1.9992386032783924,0.134108986846105,0.9371803934476948,0.15037673776928792,0.07389830508474576,0.09498975125821058,0.03254237288135593,0.1694915254237288,0.12358060065796456,0.06118009126605115,0.9025104539333585,0.05493762084181141,1475,18846,0.134108986846105,0.08125782685198071,0.9806676800109907,0.21058921334303232,0.0047457627118644066,0.07840561477621712,0.002711864406779661,0.006101694915254237,0.1760365790294087,0.07430115348643875,0.9916552493245213,0.07153901834332049,1475,19246,0.08125782685198071,0.0,0.0,14,0.5694915254237288,1.95
B09E373F-8A54-44C8-895B-0039390B859F,4880,28000,28,52,0.4688242736530951,-0.06579552068260365,0.17531190202093402,0.890307339327076,0.21862417544761414,0.1195244055068836,0.13029600511878722,0.08573216520650813,0.11827284105131414,0.1599417459093635,0.12130557697250065,0.7633898890594109,0.14069795991632322,1598,23346,0.17531190202093402,0.12627942126482788,0.9552591245096201,0.14593535749265427,0.10888610763454318,0.0892464633936362,0.07634543178973717,0.0969962453066333,0.09467841984982044,0.09500489715964741,0.7829919384707522,0.07113216786297032,1598,15315,0.12627942126482788,0.0,0.0,146,5.481852315394243,2.3
B7F9D634-263E-4A97-87F9-6FFB4DDCB36C,5629,28000,28,52,0.6036658472350666,1.051739564857796,0.05131850973685477,0.9907016123513808,0.03982771455918324,0.05942733657482442,0.037436177261128606,0.04970286331712588,0.02593192868719611,0.028607891098585556,0.024672976709560777,0.9980721841676421,0.015254976705834873,1851,18806,0.05131850973685477,0.06730243570650057,0.9857763786218979,0.07998521074685729,0.05393743257820928,0.05036611774487183,0.0447680690399137,0.019956850053937433,0.06944786788267193,0.023416317475967462,0.9982155878838332,0.019312176455918987,1854,16228,0.06730243570650057,0.0,0.0,99,3.2038834951456314,2.17
B9724848-C7E2-45F4-9B3F-A1F38D864495,4575,28000,28,52,0.557081184341919,-0.5614144216572886,0.09410615206279796,0.9728988853874233,0.06376580336320117,0.1196524064171123,0.06474292352086007,0.09692513368983957,0.04144385026737968,0.04424941696329937,0.047563520314226095,0.9820718061921294,0.03657556161948139,1496,16294,0.09410615206279796,0.1376197722002701,0.9504533360146779,0.042870752619879327,0.2905811623246493,0.10856306099618795,0.23780895123580495,0.09619238476953908,0.024706255954271197,0.04833280406478247,0.9740663102001099,0.02524267156272956,1497,15745,0.1376197722002701,0.0,0.0,179,7.17434869739479,2.22
BE3CA5A6-A561-4BBD-B7C9-5DF6805400FC,4985,28000,28,52,0.5832979387578092,0.8560981286119661,0.1266818599299016,0.9373931838229429,0.14411342426417803,0.08149509803921569,0.08824069952336572,0.025122549019607844,0.13541666666666666,0.11970567121320891,0.05108877721943048,0.9063950155631331,0.04532750474018554,1632,16716,0.1266818599299016,0.23307572911387053,0.8757128425172969,0.1899562077006199,0.27311696264543783,0.17092492182445573,0.24862216778934476,0.05511328842620943,0.16396519365296025,0.05135642381846101,0.8795573753370471,0.03709067253298224,1633,17583,0.23307572911387053,0.0,0.0,148,5.437844458052664,2.32
BEF6C611-50DA-4971-A040-87FB979F3FC1,2070,28000,28,52,0.8765604056976547,0.3987212948504471,0.001714889709660774,0.9986448145771204,0.0018687812515783624,0.0030257186081694403,0.002283882501354463,0.0030257186081694403,0.0,0.0016162432446083135,0.0006060912167281176,0.999631344317546,0.0010231035059152184,661,19799,0.001714889709660774,0.0029210877706359623,0.9999629588533503,0.0003797537025986003,0.027190332326283987,0.008990467702689034,0.022658610271903322,0.010574018126888218,0.00032550317365594313,0.00021700211577062875,0.9993143215262256,0.0010494132586215293,662,18433,0.0029210877706359623,0.0,0.0,22,1.9939577039274925,1.08
C48CE857-A0DD-4DDB-BEA5-3A25449B2153,3055,28000,28,52,0.7552658374815733,1.592702494987878,0.10738431335179045,0.9733113335213501,0.09400691052067199,0.11526794742163801,0.06834095873967053,0.08291203235591507,0.07280080889787664,0.06517335875134041,0.06082449660431312,0.9974944377521137,0.020653903507776624,989,16786,0.10738431335179045,0.05424919076095903,0.9915163707076803,0.11635485817742909,0.025252525252525252,0.04981144820956261,0.013131313131313131,0.022222222222222223,0.08974049487024743,0.059806879903439955,0.9992909840921301,0.04569774530003905,990,16570,0.05424919076095903,0.0,0.0,26,1.5757575757575757,1.36
CA820D43-E5E2-42EF-9798-BE56F776370B,4719,28000,28,52,0.9654984039476995,0.825565208090702,0.09259766548912968,0.9688882476368575,0.10144153764014949,0.0783678756476684,0.06675783044901873,0.054404145077720206,0.05764248704663212,0.0793379604911906,0.04933262146289375,0.9634000318023812,0.026712325270049415,1544,18730,0.09259766548912968,0.19894555920679494,0.8906662455040602,0.23327719770966657,0.13018134715025906,0.13212703406354032,0.08354922279792747,0.1094559585492228,0.20060626473560123,0.06897945436173795,0.8750889405039013,0.07349547957406077,1544,14845,0.19894555920679494,0.0,0.0,220,8.549222797927461,1.78
CCAF77F0-FABB-4F2F-9E24-D56AD0C5A82F,5083,28000,28,52,0.44850371020123114,-1.1611862435441398,0.056118561310338405,0.9698132054316967,0.06627481557008337,0.0023923444976076554,0.03240948095852314,0.0005980861244019139,0.012559808612440191,0.06339590955436934,0.005637857614106639,0.9549091553615136,0.003788463438229377,1672,16673,0.056118561310338405,0.00046927621045657813,0.9999943630485231,0.0009385524209131563,0.0036036036036036037,0.004608885624467243,0.0012012012012012011,0.008408408408408409,0.0,0.0009385524209131563,0.9578642171549965,0.003451305299937384,1665,18113,0.00046927621045657813,0.0,0.0,11,0.3963963963963964,1.39
CDA3BBF7-6631-45E8-85BA-EEB416B32A3C,1716,28000,28,52,1.2089295866379774,1.6021310390537922,0.056719837668892895,0.9857023755680816,0.05374602256291582,0.06261510128913444,0.04276365781953124,0.040515653775322284,0.03683241252302026,0.04194388197859416,0.026207694532831935,0.9895817024311486,0.012826372498842017,543,17285,0.056719837668892895,0.08047606451390946,0.9757536279333954,0.15860447853519732,0.01841620626151013,0.07226235093494082,0.016574585635359115,0.0055248618784530384,0.1422739082024001,0.03494989484102437,0.9993077659112501,0.026412818882673807,543,16166,0.08047606451390946,0.0,0.0,12,1.3259668508287292,1.29
CF722AA9-2533-4E51-9FEB-9EAC84EE9AAC,2169,28000,28,52,0.6819589850324456,1.2942178847260137,0.13806170861996037,0.9580506887155781,0.12570328694107197,0.14697406340057637,0.087124991140132,0.12536023054755044,0.053314121037463975,0.09717698154180239,0.06090218142335406,0.9575474593615483,0.0461838452211195,694,20262,0.13806170861996037,0.14282581547145065,0.9413855672842781,0.261053569439804,0.04755043227665706,0.10900659372083195,0.0345821325648415,0.03890489913544669,0.21839848535471656,0.08102238556632142,0.9423361946887235,0.09525697517868698,694,17958,0.14282581547145065,0.0,0.0,39,3.371757925072046,1.62
D7D20E2E-FC78-405D-B346-DBD3FD8FC92B,3726,28000,28,52,0.6716492285218303,1.4997586019648206,0.08403613531709483,0.9785456832989142,0.06711231365059155,0.09315746084089035,0.05886179542523097,0.08408903544929926,0.023907666941467436,0.04923338108122447,0.037455567934638445,0.9940036357539938,0.03198061512008944,1213,18849,0.08403613531709483,0.06660182004129057,0.9841227227137134,0.03991034182180437,0.10643564356435643,0.052025273310211645,0.07755775577557755,0.05198019801980198,0.026337089844966067,0.03299919058589129,0.9848418204229472,0.03288876349547393,1212,16061,0.06660182004129057,0.0,0.0,122,6.03960396039604,2.18
E65577C1-8D5D-4F70-AF23-B3ADB9D3DBA3,2064,28000,28,52,1.0280826583873435,2.1728211249608167,0.0743588448460411,0.9812607736849119,0.0635759424711266,0.08952959028831563,0.05474792529304018,0.06069802731411229,0.05614567526555387,0.04930268032251035,0.03459359337546306,0.9979457266146082,0.0239666490947801,659,18356,0.0743588448460411,0.2259361127195522,0.8917584462852889,0.053035226829585336,0.3393939393939394,0.15679158100116983,0.3181818181818182,0.03333333333333333,0.03691667749902509,0.04049135577797998,0.9984929496710753,0.02732272315563651,660,15386,0.2259361127195522,0.0,0.0,62,5.636363636363637,1.2
ECECC2AB-D32F-4F90-B74C-E12A1C69BBE2,2118,28000,28,52,0.8703570807869375,1.010209533987782,0.041457670731709084,0.9941934273393394,0.046505929628540624,0.03692762186115214,0.030026705435093323,0.025110782865583457,0.022156573116691284,0.03606782318925806,0.021023228462216995,0.9981925861682689,0.0012976191370900432,677,20406,0.041457670731709084,0.04502259295752852,0.9947277194759974,0.05750572331843454,0.03249630723781388,0.031031561667054793,0.026587887740029542,0.01772525849335303,0.04273411097786983,0.03232312220647553,0.9988098591253158,0.004008949072238863,677,18346,0.04502259295752852,0.0,0.0,30,2.658788774002954,2.21
FDAA70A1-42A3-4E3F-9AE3-3FDA412E03BF,2983,28000,28,52,0.76462581669296,0.787074833393795,0.057865988942971916,0.9847399089697666,0.07225448926306816,0.045548654244306416,0.046084627942864526,0.041407867494824016,0.018633540372670808,0.05632226781051846,0.03564767943731017,0.9771890366787994,0.004724220577132496,966,18767,0.057865988942971916,0.09297263812899931,0.9754238643452188,0.09795512786988128,0.08488612836438923,0.0631108593293782,0.055900621118012424,0.060041407867494824,0.07332252497254328,0.052141624392029705,0.9656921756700105,0.008751961752489238,966,19121,0.09297263812899931,0.0,0.0,88,5.46583850931677,2.12
