outcome,comparison,n_users,median_diff,ci_lo,ci_hi,p_holm,rank_biserial,significant
ania,moving_average - threshold,33,0.0,-1.0,0.0,0.2067143497364643,-0.4239130434782608,False
ania,ewma - threshold,33,0.0,-0.5,0.5,1.0,-0.1415384615384615,False
ania,majority_vote - threshold,33,-0.5,-1.0,0.0,0.1351288665949163,-0.4603174603174603,False
ania,debounce - threshold,33,-0.5,-1.5,0.0,0.0378190990004763,-0.5632183908045977,True
ania,margin - threshold,33,-1.0,-1.0,0.0,0.0002649491784277,-1.0,True
ania,hysteresis - threshold,33,-0.5,-1.5,0.0,0.0246279643036867,-0.6064516129032258,True
ania,trust - threshold,33,0.0,0.0,1.0,1.0,-0.0105820105820105,False
ania,sprt - threshold,33,-0.5,-1.5,0.0,0.0333714256519808,-0.6307692307692307,True
first_lock,moving_average - threshold,33,1.0,0.5,1.0,0.251794747824882,0.3911290322580645,False
first_lock,ewma - threshold,33,1.0,1.0,1.0,0.0083831910656604,0.6774193548387096,True
first_lock,majority_vote - threshold,33,1.0,0.9875000000000044,1.0,0.0856075577809729,0.4959677419354839,False
first_lock,debounce - threshold,33,1.0,0.5,1.0,0.4352377201621827,0.2556818181818182,False
first_lock,margin - threshold,33,0.0,0.0,0.0,0.4352377201621827,-1.0,False
first_lock,hysteresis - threshold,33,1.0,0.5,1.0,0.4352377201621827,0.2443181818181818,False
first_lock,trust - threshold,33,2.0,1.5,2.0,0.0856075577809729,0.5053763440860215,False
first_lock,sprt - threshold,33,1.0,0.5,1.0,0.4352377201621827,0.3241379310344827,False
recovery,moving_average - threshold,33,0.0,0.0,0.0,1.0,0.0,False
recovery,ewma - threshold,33,0.0,0.0,0.0,1.0,0.0,False
recovery,majority_vote - threshold,33,1.0,0.5,1.0,1.5902235352508456e-05,1.0,True
recovery,debounce - threshold,33,1.0,1.0,1.0,1.6042085230920576e-06,1.0,True
recovery,margin - threshold,33,0.0,0.0,0.0,1.0,0.0,False
recovery,hysteresis - threshold,33,1.0,1.0,1.0,2.919575993755505e-07,1.0,True
recovery,trust - threshold,33,1.0,1.0,1.0,1.6042085230920576e-06,1.0,True
recovery,sprt - threshold,33,1.0,1.0,1.5,1.6042085230920576e-06,1.0,True
miss_rate,moving_average - threshold,33,-0.0625,-0.125,0.0,0.0006192628846964,-0.8266666666666667,True
miss_rate,ewma - threshold,33,-0.0625,-0.125,0.0,0.0006192628846964,-0.841897233201581,True
miss_rate,majority_vote - threshold,33,-0.125,-0.1875,-0.0625,2.603115792927456e-05,-0.9778325123152708,True
miss_rate,debounce - threshold,33,-0.125,-0.1875,-0.0625,1.8505731073565492e-05,-1.0,True
miss_rate,margin - threshold,33,-0.0625,-0.125,-0.0625,9.875102856262864e-05,-1.0,True
miss_rate,hysteresis - threshold,33,-0.1875,-0.25,-0.125,1.8505731073565492e-05,-1.0,True
miss_rate,trust - threshold,33,-0.125,-0.1875,-0.0625,6.628808076093322e-05,-0.9815384615384616,True
miss_rate,sprt - threshold,33,-0.1875,-0.25,-0.125,1.8505731073565492e-05,-1.0,True
far_frame,moving_average - threshold,33,0.0125,-0.0270833333333333,0.0385416666666666,0.90753904629704,0.0231729055258467,False
far_frame,ewma - threshold,33,0.0229166666666666,-0.0010416666666667,0.0520833333333333,0.469463511712993,0.2370766488413547,False
far_frame,majority_vote - threshold,33,-0.0302083333333332,-0.0677083333333332,0.0041666666666667,0.0214894976627494,-0.5365418894830659,True
far_frame,debounce - threshold,33,-0.0614583333333332,-0.1302083333333333,-0.03125,2.4884939193725583e-05,-0.8324420677361853,True
far_frame,margin - threshold,33,-0.0864583333333333,-0.115625,-0.0666666666666666,4.76645646078024e-06,-1.0,True
far_frame,hysteresis - threshold,33,-0.1489583333333334,-0.2052083333333333,-0.1072916666666667,3.096647560596466e-08,-0.9750445632798574,True
far_frame,trust - threshold,33,-0.0677083333333333,-0.1366145833333333,-0.0354166666666666,0.0012277495893509,-0.7201426024955436,True
far_frame,sprt - threshold,33,-0.221875,-0.2447916666666666,-0.1958333333333333,3.725290298461914e-09,-0.9964349376114082,True
frr_time,moving_average - threshold,33,0.0007722007722007,0.0,0.0023166023166023,0.0022726431924228,0.7753623188405797,True
frr_time,ewma - threshold,33,0.0,0.0,0.0015444015444015,0.0042740329557,0.7473684210526316,True
frr_time,majority_vote - threshold,33,0.0026525198938992,0.0015444015444015,0.004217629692113,3.5218152254310505e-05,0.9788359788359788,True
frr_time,debounce - threshold,33,0.0064794816414687,0.0026525198938992,0.0086455331412103,2.1089778487645364e-05,0.986206896551724,True
frr_time,margin - threshold,33,0.0031430068098481,0.0,0.0055865921787709,0.0003955016669484,1.0,True
frr_time,hysteresis - threshold,33,0.0135135135135135,0.0068098480880042,0.0359314538419016,1.5367368839225117e-05,0.9956989247311828,True
frr_time,trust - threshold,33,0.0127226463104325,0.0064034151547491,0.0254284134881149,2.4004289701046964e-05,0.9724137931034482,True
frr_time,sprt - threshold,33,0.0228690228690228,0.0106723585912486,0.0768888231414268,1.994232318453425e-05,0.9954022988505749,True
false_locks_per_hour,moving_average - threshold,33,0.0,-0.0311850311850312,0.0,1.0,-0.1619047619047619,False
false_locks_per_hour,ewma - threshold,33,0.0,-0.0449775112443778,0.0,1.0,-0.1809523809523809,False
false_locks_per_hour,majority_vote - threshold,33,0.0,-0.0449775112443778,0.0,1.0,-0.2733333333333333,False
false_locks_per_hour,debounce - threshold,33,0.0,-0.0449775112443778,0.0344827586206896,1.0,-0.1339031339031339,False
false_locks_per_hour,margin - threshold,33,0.0,0.0,0.0,0.1755493172750238,-0.6952380952380952,False
false_locks_per_hour,hysteresis - threshold,33,0.0,0.0,0.0493827160493827,1.0,-0.0028490028490028,False
false_locks_per_hour,trust - threshold,33,0.0319318786588611,0.0,0.0628601361969618,1.0,0.0529100529100529,False
false_locks_per_hour,sprt - threshold,33,0.0,-0.0449775112443778,0.0628601361969618,1.0,-0.0147783251231527,False
transitions_per_hour,moving_average - threshold,33,0.0,-0.0623700623700623,0.0,1.0,-0.1523809523809524,False
transitions_per_hour,ewma - threshold,33,0.0,-0.0899550224887556,0.0,1.0,-0.1809523809523809,False
transitions_per_hour,majority_vote - threshold,33,0.0,-0.0899550224887556,0.0623700623700623,1.0,-0.2733333333333333,False
transitions_per_hour,debounce - threshold,33,0.0,-0.0899550224887556,0.0689655172413793,1.0,-0.1282051282051282,False
transitions_per_hour,margin - threshold,33,0.0,0.0,0.0,0.1755493172750238,-0.6952380952380952,False
transitions_per_hour,hysteresis - threshold,33,0.0,-0.0506115563053564,0.0689655172413793,1.0,-0.0317460317460317,False
transitions_per_hour,trust - threshold,33,0.0638637573177222,0.0,0.1257202723939235,1.0,0.0476190476190476,False
transitions_per_hour,sprt - threshold,33,0.0,-0.0899550224887556,0.0987654320987654,1.0,-0.0482758620689655,False
pingpong_per_hour,moving_average - threshold,33,0.0,-0.0449775112443778,0.0,0.7751632562949513,-0.2813852813852814,False
pingpong_per_hour,ewma - threshold,33,0.0,-0.0449775112443778,0.0,0.7751632562949513,-0.2121212121212121,False
pingpong_per_hour,majority_vote - threshold,33,0.0,-0.0449775112443778,0.0,0.5918818585707141,-0.3466666666666667,False
pingpong_per_hour,debounce - threshold,33,0.0,-0.0663349917081261,0.0311850311850312,0.5918818585707141,-0.3439153439153439,False
pingpong_per_hour,margin - threshold,33,0.0,-0.0663349917081261,0.0,0.0224320988194047,-0.8382352941176471,True
pingpong_per_hour,hysteresis - threshold,33,0.0,-0.2235231506120277,0.0,0.1949909607247479,-0.4708994708994709,False
pingpong_per_hour,trust - threshold,33,0.0,-0.0795755968169761,0.035820895522388,0.7751632562949513,-0.2535612535612536,False
pingpong_per_hour,sprt - threshold,33,0.0,-0.1990049751243781,0.0,0.0054448836235845,-0.8666666666666667,True
lockout_mean_frames,moving_average - threshold,18,0.8906249999999999,0.3571428571428571,3.45,0.0019695337187376,0.9666666666666668,True
lockout_mean_frames,ewma - threshold,17,0.759698275862069,0.0,2.5,0.0028734139278525,0.9743589743589745,True
lockout_mean_frames,majority_vote - threshold,17,2.7333333333333334,1.514285714285714,5.020833333333333,9.1552734375e-05,1.0,True
lockout_mean_frames,debounce - threshold,17,4.575438596491228,2.5,6.666666666666667,0.0014623915190606,1.0,True
lockout_mean_frames,margin - threshold,19,3.0,1.5,6.072727272727272,0.0014623915190606,1.0,True
lockout_mean_frames,hysteresis - threshold,18,11.248245614035088,7.458333333333334,16.2,6.103515625e-05,1.0,True
lockout_mean_frames,trust - threshold,18,8.277777777777779,6.097274436090226,15.625252525252526,0.0014623915190606,1.0,True
lockout_mean_frames,sprt - threshold,18,19.34285714285714,11.5,24.15833333333333,6.103515625e-05,1.0,True
