mechanism,chosen_params,calib_FAR,calib_FRR,target_FAR,tolerance,feasible_interval,n_candidates,n_feasible_candidates,feasible_operating_point_exists,constraint_satisfied,nearest_candidate_direction,achievable_min_FAR,achievable_max_FAR,enrolled_user
instantaneous,{'theta': 0.837345585997521},0.049305555555555554,0.13819444444444445,0.05,0.01,"[0.04, 0.060000000000000005]",80,14,True,True,within_interval,0.0,0.9694444444444444,098A72A5-E3E5-4F54-A152-BBDA0DF7B694
moving_average,"{'theta': 0.818602869676883, 'w': 3}",0.05,0.134375,0.05,0.01,"[0.04, 0.060000000000000005]",320,69,True,True,within_interval,0.0,1.0,098A72A5-E3E5-4F54-A152-BBDA0DF7B694
ewma,"{'theta': 0.813953488372093, 'alpha': 0.2}",0.05,0.15729166666666666,0.05,0.01,"[0.04, 0.060000000000000005]",320,59,True,True,within_interval,0.0,1.0,098A72A5-E3E5-4F54-A152-BBDA0DF7B694
majority_vote,"{'theta': 0.8422653077888049, 'w': 3, 'k': 2}",0.05,0.14756944444444445,0.05,0.01,"[0.04, 0.060000000000000005]",400,49,True,True,within_interval,0.0,0.9847222222222223,098A72A5-E3E5-4F54-A152-BBDA0DF7B694
debounce,"{'theta': 0.8422653077888049, 'n': 3}",0.05,0.14722222222222223,0.05,0.01,"[0.04, 0.060000000000000005]",320,58,True,True,within_interval,0.0,1.0,098A72A5-E3E5-4F54-A152-BBDA0DF7B694
margin_dual_threshold,"{'theta': 0.8227400737832079, 'margin': 0.05}",0.05,0.13506944444444444,0.05,0.01,"[0.04, 0.060000000000000005]",320,76,True,True,within_interval,0.0,1.0,098A72A5-E3E5-4F54-A152-BBDA0DF7B694
hysteresis,"{'theta': 0.9847534497732316, 'margin': 0.05, 'ttt_frames': 10}",0.05,0.7395833333333334,0.05,0.01,"[0.04, 0.060000000000000005]",960,147,True,True,within_interval,0.003472222222222222,1.0,098A72A5-E3E5-4F54-A152-BBDA0DF7B694
trust_model,"{'theta': 0.8227400737832079, 'gain': 0.6, 'decay': 0.05, 'tau_lo': 0.4, 'tau_hi': 0.6}",0.05,0.14027777777777778,0.05,0.01,"[0.04, 0.060000000000000005]",720,93,True,True,within_interval,0.0,1.0,098A72A5-E3E5-4F54-A152-BBDA0DF7B694
sprt,"{'A': 16, 'B': 4, 'mu_gen': 0.9222382045632432, 'sd_gen': 0.07857069532912146, 'mu_imp': 0.4902758344323287, 'sd_imp': 0.24260652032787838}",0.05,0.06909722222222223,0.05,0.01,"[0.04, 0.060000000000000005]",25,7,True,True,within_interval,0.030555555555555555,0.1361111111111111,098A72A5-E3E5-4F54-A152-BBDA0DF7B694
instantaneous,{'theta': 0.8805147058823529},0.05,0.0,0.05,0.01,"[0.04, 0.060000000000000005]",80,13,True,True,within_interval,0.0,0.9694444444444444,0A986513-7828-4D53-AA1F-E02D6DF9561B
moving_average,"{'theta': 0.8779616013071896, 'w': 5}",0.05,0.027430555555555555,0.05,0.01,"[0.04, 0.060000000000000005]",320,47,True,True,within_interval,0.0,1.0,0A986513-7828-4D53-AA1F-E02D6DF9561B
ewma,"{'theta': 0.8625408496732027, 'alpha': 0.2}",0.05,0.05451388888888889,0.05,0.01,"[0.04, 0.060000000000000005]",320,73,True,True,within_interval,0.0,1.0,0A986513-7828-4D53-AA1F-E02D6DF9561B
majority_vote,"{'theta': 0.8893184389140272, 'w': 3, 'k': 2}",0.05,0.007638888888888889,0.05,0.01,"[0.04, 0.060000000000000005]",400,45,True,True,within_interval,0.0,0.9805555555555555,0A986513-7828-4D53-AA1F-E02D6DF9561B
debounce,"{'theta': 0.8893184389140272, 'n': 2}",0.049305555555555554,0.007638888888888889,0.05,0.01,"[0.04, 0.060000000000000005]",320,32,True,True,within_interval,0.0,1.0,0A986513-7828-4D53-AA1F-E02D6DF9561B
margin_dual_threshold,"{'theta': 0.8540290346907994, 'margin': 0.1}",0.04791666666666667,0.0,0.05,0.01,"[0.04, 0.060000000000000005]",320,109,True,True,within_interval,0.0,1.0,0A986513-7828-4D53-AA1F-E02D6DF9561B
hysteresis,"{'theta': 0.9558801981209151, 'margin': 0.05, 'ttt_frames': 5}",0.05,0.5399305555555556,0.05,0.01,"[0.04, 0.060000000000000005]",960,85,True,True,within_interval,0.0,1.0,0A986513-7828-4D53-AA1F-E02D6DF9561B
trust_model,"{'theta': 0.8917200854700855, 'gain': 0.6, 'decay': 0.2, 'tau_lo': 0.4, 'tau_hi': 0.6}",0.05,0.08333333333333333,0.05,0.01,"[0.04, 0.060000000000000005]",720,66,True,True,within_interval,0.0,1.0,0A986513-7828-4D53-AA1F-E02D6DF9561B
sprt,"{'A': 1, 'B': 16, 'mu_gen': 0.9616801697530863, 'sd_gen': 0.022950441067914787, 'mu_imp': 0.46065275792029775, 'sd_imp': 0.24348947082869582}",0.025694444444444443,0.002777777777777778,0.05,0.01,"[0.04, 0.060000000000000005]",25,0,False,False,below_interval,0.0,0.025694444444444443,0A986513-7828-4D53-AA1F-E02D6DF9561B
instantaneous,{'theta': 0.821569398972757},0.049305555555555554,0.034722222222222224,0.05,0.01,"[0.04, 0.060000000000000005]",80,14,True,True,within_interval,0.0,0.9708333333333333,136562B6-95B2-483D-88DC-065F28409FD2
moving_average,"{'theta': 0.8249510407593188, 'w': 5}",0.050694444444444445,0.05381944444444445,0.05,0.01,"[0.04, 0.060000000000000005]",320,38,True,True,within_interval,0.0,0.9916666666666667,136562B6-95B2-483D-88DC-065F28409FD2
ewma,"{'theta': 0.8181374463100352, 'alpha': 0.5}",0.050694444444444445,0.043055555555555555,0.05,0.01,"[0.04, 0.060000000000000005]",320,40,True,True,within_interval,0.0,1.0,136562B6-95B2-483D-88DC-065F28409FD2
majority_vote,"{'theta': 0.8277040218664584, 'w': 3, 'k': 2}",0.05,0.04097222222222222,0.05,0.01,"[0.04, 0.060000000000000005]",400,58,True,True,within_interval,0.0,0.9784722222222222,136562B6-95B2-483D-88DC-065F28409FD2
debounce,"{'theta': 0.8259529030126452, 'n': 2}",0.050694444444444445,0.040625,0.05,0.01,"[0.04, 0.060000000000000005]",320,36,True,True,within_interval,0.0,0.9805555555555555,136562B6-95B2-483D-88DC-065F28409FD2
margin_dual_threshold,"{'theta': 0.821569398972757, 'margin': 0.05}",0.04861111111111111,0.034722222222222224,0.05,0.01,"[0.04, 0.060000000000000005]",320,16,True,True,within_interval,0.0,1.0,136562B6-95B2-483D-88DC-065F28409FD2
hysteresis,"{'theta': 0.9921905505661851, 'margin': 0.1, 'ttt_frames': 10}",0.05,0.6229166666666667,0.05,0.01,"[0.04, 0.060000000000000005]",960,53,True,True,within_interval,0.0,1.0,136562B6-95B2-483D-88DC-065F28409FD2
trust_model,"{'theta': 0.9373271085513472, 'gain': 0.1, 'decay': 0.05, 'tau_lo': 0.4, 'tau_hi': 0.6}",0.049305555555555554,0.5072916666666667,0.05,0.01,"[0.04, 0.060000000000000005]",720,13,True,True,within_interval,0.0,1.0,136562B6-95B2-483D-88DC-065F28409FD2
sprt,"{'A': 1, 'B': 4, 'mu_gen': 0.9392268238318365, 'sd_gen': 0.04816735046673467, 'mu_imp': 0.4108399496724369, 'sd_imp': 0.2621077094405757}",0.04861111111111111,0.034375,0.05,0.01,"[0.04, 0.060000000000000005]",25,7,True,True,within_interval,0.018055555555555554,0.07430555555555556,136562B6-95B2-483D-88DC-065F28409FD2
instantaneous,{'theta': 0.8729388942774006},0.08611111111111111,0.0,0.05,0.01,"[0.04, 0.060000000000000005]",40,0,False,False,above_interval,0.0,0.9715277777777778,1538C99F-BA1E-4EFB-A949-6C7C47701B20
moving_average,"{'theta': 0.8859223957322988, 'w': 20}",0.05277777777777778,0.2326388888888889,0.05,0.01,"[0.04, 0.060000000000000005]",160,3,True,True,within_interval,0.0,0.99375,1538C99F-BA1E-4EFB-A949-6C7C47701B20
ewma,"{'theta': 0.8778481280310378, 'alpha': 0.1}",0.04583333333333333,0.18333333333333332,0.05,0.01,"[0.04, 0.060000000000000005]",160,1,True,True,within_interval,0.0,1.0,1538C99F-BA1E-4EFB-A949-6C7C47701B20
majority_vote,"{'theta': 0.9031037827352085, 'w': 10, 'k': 6}",0.04791666666666667,0.31145833333333334,0.05,0.01,"[0.04, 0.060000000000000005]",200,10,True,True,within_interval,0.0,0.9944444444444445,1538C99F-BA1E-4EFB-A949-6C7C47701B20
debounce,"{'theta': 0.9031037827352085, 'n': 5}",0.05,0.31805555555555554,0.05,0.01,"[0.04, 0.060000000000000005]",160,15,True,True,within_interval,0.0,1.0,1538C99F-BA1E-4EFB-A949-6C7C47701B20
margin_dual_threshold,"{'theta': 0.8778481280310378, 'margin': 0.05}",0.08333333333333333,0.09444444444444444,0.05,0.01,"[0.04, 0.060000000000000005]",160,0,False,False,above_interval,0.0,1.0,1538C99F-BA1E-4EFB-A949-6C7C47701B20
hysteresis,"{'theta': 0.917776935014549, 'margin': 0.05, 'ttt_frames': 5}",0.05,0.35208333333333336,0.05,0.01,"[0.04, 0.060000000000000005]",480,28,True,True,within_interval,0.0,1.0,1538C99F-BA1E-4EFB-A949-6C7C47701B20
trust_model,"{'theta': 0.8998060135790494, 'gain': 0.6, 'decay': 0.05, 'tau_lo': 0.4, 'tau_hi': 0.6}",0.050694444444444445,0.2847222222222222,0.05,0.01,"[0.04, 0.060000000000000005]",360,15,True,True,within_interval,0.0,1.0,1538C99F-BA1E-4EFB-A949-6C7C47701B20
sprt,"{'A': 16, 'B': 1, 'mu_gen': 0.9337992038473973, 'sd_gen': 0.03687362871876864, 'mu_imp': 0.48333158206703314, 'sd_imp': 0.32058089544695145}",0.10416666666666667,0.04236111111111111,0.05,0.01,"[0.04, 0.060000000000000005]",25,0,False,False,above_interval,0.10416666666666667,0.15763888888888888,1538C99F-BA1E-4EFB-A949-6C7C47701B20
instantaneous,{'theta': 0.7906431121621004},0.049305555555555554,0.0,0.05,0.01,"[0.04, 0.060000000000000005]",80,13,True,True,within_interval,0.0,0.9701388888888889,24E40C4C-A349-4F9F-93AB-01D00FB994AF
moving_average,"{'theta': 0.8368881470147296, 'w': 5}",0.05,0.026041666666666668,0.05,0.01,"[0.04, 0.060000000000000005]",320,21,True,True,within_interval,0.0,0.9909722222222223,24E40C4C-A349-4F9F-93AB-01D00FB994AF
ewma,"{'theta': 0.8165533763002125, 'alpha': 0.5}",0.050694444444444445,0.011111111111111112,0.05,0.01,"[0.04, 0.060000000000000005]",320,22,True,True,within_interval,0.0,1.0,24E40C4C-A349-4F9F-93AB-01D00FB994AF
majority_vote,"{'theta': 0.8750356254153724, 'w': 5, 'k': 3}",0.05,0.01597222222222222,0.05,0.01,"[0.04, 0.060000000000000005]",400,44,True,True,within_interval,0.0,0.9715277777777778,24E40C4C-A349-4F9F-93AB-01D00FB994AF
debounce,"{'theta': 0.8695204092672448, 'n': 3}",0.05,0.01597222222222222,0.05,0.01,"[0.04, 0.060000000000000005]",320,22,True,True,within_interval,0.0,0.98125,24E40C4C-A349-4F9F-93AB-01D00FB994AF
margin_dual_threshold,"{'theta': 0.7906431121621004, 'margin': 0.05}",0.05,0.0,0.05,0.01,"[0.04, 0.060000000000000005]",320,16,True,True,within_interval,0.0,1.0,24E40C4C-A349-4F9F-93AB-01D00FB994AF
hysteresis,"{'theta': 0.8403731008794301, 'margin': 0.05, 'ttt_frames': 2}",0.05,0.00798611111111111,0.05,0.01,"[0.04, 0.060000000000000005]",960,24,True,True,within_interval,0.0,1.0,24E40C4C-A349-4F9F-93AB-01D00FB994AF
trust_model,"{'theta': 0.9094836246734981, 'gain': 0.6, 'decay': 0.0, 'tau_lo': 0.4, 'tau_hi': 0.6}",0.05,0.23993055555555556,0.05,0.01,"[0.04, 0.060000000000000005]",720,26,True,True,within_interval,0.0,1.0,24E40C4C-A349-4F9F-93AB-01D00FB994AF
sprt,"{'A': 1, 'B': 4, 'mu_gen': 0.9511131064005538, 'sd_gen': 0.029861951017022034, 'mu_imp': 0.40752579923202287, 'sd_imp': 0.2891351703724099}",0.025694444444444443,0.0,0.05,0.01,"[0.04, 0.060000000000000005]",25,0,False,False,below_interval,0.003472222222222222,0.025694444444444443,24E40C4C-A349-4F9F-93AB-01D00FB994AF
instantaneous,{'theta': 0.8390064611647345},0.05138888888888889,0.005555555555555556,0.05,0.01,"[0.04, 0.060000000000000005]",60,8,True,True,within_interval,0.0,0.9694444444444444,2C32C23E-E30C-498A-8DD2-0EFB9150A02E
moving_average,"{'theta': 0.8390064611647345, 'w': 3}",0.049305555555555554,0.01875,0.05,0.01,"[0.04, 0.060000000000000005]",240,21,True,True,within_interval,0.0,0.9805555555555555,2C32C23E-E30C-498A-8DD2-0EFB9150A02E
ewma,"{'theta': 0.8391651513953672, 'alpha': 0.2}",0.05138888888888889,0.05625,0.05,0.01,"[0.04, 0.060000000000000005]",240,16,True,True,within_interval,0.0,0.9930555555555556,2C32C23E-E30C-498A-8DD2-0EFB9150A02E
majority_vote,"{'theta': 0.8650845557320378, 'w': 10, 'k': 6}",0.05277777777777778,0.165625,0.05,0.01,"[0.04, 0.060000000000000005]",300,21,True,True,within_interval,0.0,0.9770833333333333,2C32C23E-E30C-498A-8DD2-0EFB9150A02E
debounce,"{'theta': 0.8875062038680742, 'n': 5}",0.049305555555555554,0.27743055555555557,0.05,0.01,"[0.04, 0.060000000000000005]",240,13,True,True,within_interval,0.0,0.9826388888888888,2C32C23E-E30C-498A-8DD2-0EFB9150A02E
margin_dual_threshold,"{'theta': 0.8712510511071662, 'margin': 0.2}",0.049305555555555554,0.19618055555555555,0.05,0.01,"[0.04, 0.060000000000000005]",240,67,True,True,within_interval,0.0,1.0,2C32C23E-E30C-498A-8DD2-0EFB9150A02E
hysteresis,"{'theta': 0.8875062038680742, 'margin': 0.1, 'ttt_frames': 2}",0.052083333333333336,0.22013888888888888,0.05,0.01,"[0.04, 0.060000000000000005]",720,13,True,True,within_interval,0.0,1.0,2C32C23E-E30C-498A-8DD2-0EFB9150A02E
trust_model,"{'theta': 0.9046996169298328, 'gain': 0.3, 'decay': 0.2, 'tau_lo': 0.4, 'tau_hi': 0.6}",0.05,0.44756944444444446,0.05,0.01,"[0.04, 0.060000000000000005]",540,18,True,True,within_interval,0.0,1.0,2C32C23E-E30C-498A-8DD2-0EFB9150A02E
sprt,"{'A': 8, 'B': 1, 'mu_gen': 0.9185087644170378, 'sd_gen': 0.045484440224860805, 'mu_imp': 0.5139394977524473, 'sd_imp': 0.22880377340116312}",0.08194444444444444,0.017708333333333333,0.05,0.01,"[0.04, 0.060000000000000005]",25,0,False,False,above_interval,0.08194444444444444,0.11041666666666666,2C32C23E-E30C-498A-8DD2-0EFB9150A02E
instantaneous,{'theta': 0.8872778531099416},0.049305555555555554,0.0,0.05,0.01,"[0.04, 0.060000000000000005]",75,14,True,True,within_interval,0.0,0.9694444444444444,3600D531-0C55-44A7-AE95-A7A38519464E
moving_average,"{'theta': 0.8862663081366398, 'w': 10}",0.05,0.05555555555555555,0.05,0.01,"[0.04, 0.060000000000000005]",300,23,True,True,within_interval,0.0,0.9958333333333333,3600D531-0C55-44A7-AE95-A7A38519464E
ewma,"{'theta': 0.8884015536301165, 'alpha': 0.1}",0.04861111111111111,0.12916666666666668,0.05,0.01,"[0.04, 0.060000000000000005]",300,27,True,True,within_interval,0.0,1.0,3600D531-0C55-44A7-AE95-A7A38519464E
majority_vote,"{'theta': 0.8888556916641769, 'w': 3, 'k': 2}",0.05,0.007638888888888889,0.05,0.01,"[0.04, 0.060000000000000005]",375,43,True,True,within_interval,0.0,0.9736111111111111,3600D531-0C55-44A7-AE95-A7A38519464E
debounce,"{'theta': 0.8885437398971907, 'n': 2}",0.049305555555555554,0.007638888888888889,0.05,0.01,"[0.04, 0.060000000000000005]",300,24,True,True,within_interval,0.0,0.9826388888888888,3600D531-0C55-44A7-AE95-A7A38519464E
margin_dual_threshold,"{'theta': 0.910367493277562, 'margin': 0.2}",0.05,0.4791666666666667,0.05,0.01,"[0.04, 0.060000000000000005]",300,88,True,True,within_interval,0.0,1.0,3600D531-0C55-44A7-AE95-A7A38519464E
hysteresis,"{'theta': 0.930417916542177, 'margin': 0.05, 'ttt_frames': 5}",0.04652777777777778,0.259375,0.05,0.01,"[0.04, 0.060000000000000005]",900,69,True,True,within_interval,0.0,1.0,3600D531-0C55-44A7-AE95-A7A38519464E
trust_model,"{'theta': 0.9638482222886167, 'gain': 0.1, 'decay': 0.05, 'tau_lo': 0.4, 'tau_hi': 0.6}",0.05138888888888889,0.5,0.05,0.01,"[0.04, 0.060000000000000005]",675,15,True,True,within_interval,0.0,1.0,3600D531-0C55-44A7-AE95-A7A38519464E
sprt,"{'A': 16, 'B': 16, 'mu_gen': 0.9509841248104992, 'sd_gen': 0.030623505566609206, 'mu_imp': 0.501448090606292, 'sd_imp': 0.2826312891054104}",0.06805555555555555,0.03784722222222222,0.05,0.01,"[0.04, 0.060000000000000005]",25,0,False,False,above_interval,0.06805555555555555,0.10277777777777777,3600D531-0C55-44A7-AE95-A7A38519464E
instantaneous,{'theta': 0.7523009203681472},0.050694444444444445,0.0010416666666666667,0.05,0.01,"[0.04, 0.060000000000000005]",71,11,True,True,within_interval,0.0,0.9701388888888889,4FC32141-E888-4BFF-8804-12559A491D8C
moving_average,"{'theta': 0.7589035614245698, 'w': 3}",0.05,0.010763888888888889,0.05,0.01,"[0.04, 0.060000000000000005]",284,27,True,True,within_interval,0.0,0.9965277777777778,4FC32141-E888-4BFF-8804-12559A491D8C
ewma,"{'theta': 0.7577483301012713, 'alpha': 0.5}",0.049305555555555554,0.008680555555555556,0.05,0.01,"[0.04, 0.060000000000000005]",284,19,True,True,within_interval,0.0,1.0,4FC32141-E888-4BFF-8804-12559A491D8C
majority_vote,"{'theta': 0.7587116385015545, 'w': 5, 'k': 4}",0.050694444444444445,0.025694444444444443,0.05,0.01,"[0.04, 0.060000000000000005]",355,33,True,True,within_interval,0.0,0.9770833333333333,4FC32141-E888-4BFF-8804-12559A491D8C
debounce,"{'theta': 0.7590036014405762, 'n': 2}",0.050694444444444445,0.009027777777777777,0.05,0.01,"[0.04, 0.060000000000000005]",284,25,True,True,within_interval,0.0,1.0,4FC32141-E888-4BFF-8804-12559A491D8C
margin_dual_threshold,"{'theta': 0.9506802721088435, 'margin': 0.4}",0.04236111111111111,0.496875,0.05,0.01,"[0.04, 0.060000000000000005]",284,2,True,True,within_interval,0.0,1.0,4FC32141-E888-4BFF-8804-12559A491D8C
hysteresis,"{'theta': 0.8374349739895959, 'margin': 0.05, 'ttt_frames': 5}",0.05,0.3236111111111111,0.05,0.01,"[0.04, 0.060000000000000005]",852,19,True,True,within_interval,0.0,1.0,4FC32141-E888-4BFF-8804-12559A491D8C
trust_model,"{'theta': 0.8830532212885154, 'gain': 0.3, 'decay': 0.0, 'tau_lo': 0.4, 'tau_hi': 0.6}",0.050694444444444445,0.5447916666666667,0.05,0.01,"[0.04, 0.060000000000000005]",639,22,True,True,within_interval,0.0,1.0,4FC32141-E888-4BFF-8804-12559A491D8C
sprt,"{'A': 1, 'B': 2, 'mu_gen': 0.8742700552443199, 'sd_gen': 0.06098148864023804, 'mu_imp': 0.5534931333644569, 'sd_imp': 0.18470741914220795}",0.05,0.001388888888888889,0.05,0.01,"[0.04, 0.060000000000000005]",25,6,True,True,within_interval,0.04513888888888889,0.1736111111111111,4FC32141-E888-4BFF-8804-12559A491D8C
instantaneous,{'theta': 0.8485629550145679},0.05138888888888889,0.0,0.05,0.01,"[0.04, 0.060000000000000005]",79,13,True,True,within_interval,0.0,0.9694444444444444,5119D0F8-FCA8-4184-A4EB-19421A40DE0D
moving_average,"{'theta': 0.8345553990715285, 'w': 3}",0.05,0.013194444444444444,0.05,0.01,"[0.04, 0.060000000000000005]",316,64,True,True,within_interval,0.0,1.0,5119D0F8-FCA8-4184-A4EB-19421A40DE0D
ewma,"{'theta': 0.8275695049888598, 'alpha': 0.5}",0.05,0.013194444444444444,0.05,0.01,"[0.04, 0.060000000000000005]",316,85,True,True,within_interval,0.0,1.0,5119D0F8-FCA8-4184-A4EB-19421A40DE0D
majority_vote,"{'theta': 0.8663370069821684, 'w': 5, 'k': 3}",0.05,0.01597222222222222,0.05,0.01,"[0.04, 0.060000000000000005]",395,59,True,True,within_interval,0.0,0.9868055555555556,5119D0F8-FCA8-4184-A4EB-19421A40DE0D
debounce,"{'theta': 0.8663370069821684, 'n': 3}",0.04861111111111111,0.01597222222222222,0.05,0.01,"[0.04, 0.060000000000000005]",316,29,True,True,within_interval,0.0,1.0,5119D0F8-FCA8-4184-A4EB-19421A40DE0D
margin_dual_threshold,"{'theta': 0.8408605131185776, 'margin': 0.05}",0.05,0.0,0.05,0.01,"[0.04, 0.060000000000000005]",316,97,True,True,within_interval,0.0,1.0,5119D0F8-FCA8-4184-A4EB-19421A40DE0D
hysteresis,"{'theta': 0.9950411702024606, 'margin': 0.1, 'ttt_frames': 10}",0.050694444444444445,0.715625,0.05,0.01,"[0.04, 0.060000000000000005]",948,50,True,True,within_interval,0.0,1.0,5119D0F8-FCA8-4184-A4EB-19421A40DE0D
trust_model,"{'theta': 0.8942820594788337, 'gain': 0.6, 'decay': 0.0, 'tau_lo': 0.4, 'tau_hi': 0.6}",0.05,0.3020833333333333,0.05,0.01,"[0.04, 0.060000000000000005]",711,46,True,True,within_interval,0.0,1.0,5119D0F8-FCA8-4184-A4EB-19421A40DE0D
sprt,"{'A': 2, 'B': 16, 'mu_gen': 0.9322000091489339, 'sd_gen': 0.035738807137252374, 'mu_imp': 0.4524639558913753, 'sd_imp': 0.2495290782935416}",0.049305555555555554,0.003125,0.05,0.01,"[0.04, 0.060000000000000005]",25,25,True,True,within_interval,0.04236111111111111,0.05347222222222222,5119D0F8-FCA8-4184-A4EB-19421A40DE0D
instantaneous,{'theta': 0.8282932063577225},0.049305555555555554,0.0,0.05,0.01,"[0.04, 0.060000000000000005]",79,13,True,True,within_interval,0.0,0.9694444444444444,5152A2DF-FAF3-4BA8-9CA9-E66B32671A53
moving_average,"{'theta': 0.8303787658626368, 'w': 3}",0.05,0.013194444444444444,0.05,0.01,"[0.04, 0.060000000000000005]",316,34,True,True,within_interval,0.0,1.0,5152A2DF-FAF3-4BA8-9CA9-E66B32671A53
ewma,"{'theta': 0.8282932063577225, 'alpha': 0.5}",0.05,0.014930555555555556,0.05,0.01,"[0.04, 0.060000000000000005]",316,39,True,True,within_interval,0.0,1.0,5152A2DF-FAF3-4BA8-9CA9-E66B32671A53
majority_vote,"{'theta': 0.8351320054545861, 'w': 3, 'k': 2}",0.05,0.00798611111111111,0.05,0.01,"[0.04, 0.060000000000000005]",395,47,True,True,within_interval,0.0,0.9875,5152A2DF-FAF3-4BA8-9CA9-E66B32671A53
debounce,"{'theta': 0.8359497462723269, 'n': 2}",0.050694444444444445,0.00798611111111111,0.05,0.01,"[0.04, 0.060000000000000005]",316,33,True,True,within_interval,0.0,1.0,5152A2DF-FAF3-4BA8-9CA9-E66B32671A53
margin_dual_threshold,"{'theta': 0.8706771287416448, 'margin': 0.1}",0.04791666666666667,0.07326388888888889,0.05,0.01,"[0.04, 0.060000000000000005]",316,91,True,True,within_interval,0.0,1.0,5152A2DF-FAF3-4BA8-9CA9-E66B32671A53
hysteresis,"{'theta': 0.9223094061803739, 'margin': 0.05, 'ttt_frames': 5}",0.05,0.3732638888888889,0.05,0.01,"[0.04, 0.060000000000000005]",948,31,True,True,within_interval,0.0,1.0,5152A2DF-FAF3-4BA8-9CA9-E66B32671A53
trust_model,"{'theta': 0.8706771287416448, 'gain': 0.6, 'decay': 0.2, 'tau_lo': 0.4, 'tau_hi': 0.6}",0.05,0.11354166666666667,0.05,0.01,"[0.04, 0.060000000000000005]",711,20,True,True,within_interval,0.0,1.0,5152A2DF-FAF3-4BA8-9CA9-E66B32671A53
sprt,"{'A': 1, 'B': 8, 'mu_gen': 0.9379360543339039, 'sd_gen': 0.04012477547444616, 'mu_imp': 0.40981223158642516, 'sd_imp': 0.28208895577071025}",0.05,0.0010416666666666667,0.05,0.01,"[0.04, 0.060000000000000005]",25,21,True,True,within_interval,0.034027777777777775,0.06458333333333334,5152A2DF-FAF3-4BA8-9CA9-E66B32671A53
instantaneous,{'theta': 0.9089303744711638},0.049305555555555554,0.0,0.05,0.01,"[0.04, 0.060000000000000005]",75,11,True,True,within_interval,0.0,0.9708333333333333,5EF64122-B513-46AE-BCF1-E62AAC285D2C
moving_average,"{'theta': 0.905988235849205, 'w': 3}",0.050694444444444445,0.014583333333333334,0.05,0.01,"[0.04, 0.060000000000000005]",300,51,True,True,within_interval,0.0,1.0,5EF64122-B513-46AE-BCF1-E62AAC285D2C
ewma,"{'theta': 0.9026076152430681, 'alpha': 0.5}",0.050694444444444445,0.021875,0.05,0.01,"[0.04, 0.060000000000000005]",300,17,True,True,within_interval,0.0,1.0,5EF64122-B513-46AE-BCF1-E62AAC285D2C
majority_vote,"{'theta': 0.9089303744711638, 'w': 10, 'k': 8}",0.05,0.05555555555555555,0.05,0.01,"[0.04, 0.060000000000000005]",375,60,True,True,within_interval,0.0,1.0,5EF64122-B513-46AE-BCF1-E62AAC285D2C
debounce,"{'theta': 0.9121791988424578, 'n': 3}",0.05,0.01597222222222222,0.05,0.01,"[0.04, 0.060000000000000005]",300,31,True,True,within_interval,0.0,1.0,5EF64122-B513-46AE-BCF1-E62AAC285D2C
margin_dual_threshold,"{'theta': 0.9023717031281946, 'margin': 0.2}",0.052083333333333336,0.4791666666666667,0.05,0.01,"[0.04, 0.060000000000000005]",300,65,True,True,within_interval,0.0,1.0,5EF64122-B513-46AE-BCF1-E62AAC285D2C
hysteresis,"{'theta': 0.9534859946841137, 'margin': 0.05, 'ttt_frames': 5}",0.05,0.3920138888888889,0.05,0.01,"[0.04, 0.060000000000000005]",900,72,True,True,within_interval,0.0006944444444444445,1.0,5EF64122-B513-46AE-BCF1-E62AAC285D2C
trust_model,"{'theta': 0.9128458864790903, 'gain': 0.6, 'decay': 0.05, 'tau_lo': 0.4, 'tau_hi': 0.6}",0.050694444444444445,0.14548611111111112,0.05,0.01,"[0.04, 0.060000000000000005]",675,53,True,True,within_interval,0.0,1.0,5EF64122-B513-46AE-BCF1-E62AAC285D2C
sprt,"{'A': 8, 'B': 8, 'mu_gen': 0.9586755151184715, 'sd_gen': 0.022096122513969977, 'mu_imp': 0.42227752504600286, 'sd_imp': 0.31198466093883725}",0.04791666666666667,0.013888888888888888,0.05,0.01,"[0.04, 0.060000000000000005]",25,8,True,True,within_interval,0.027777777777777776,0.09305555555555556,5EF64122-B513-46AE-BCF1-E62AAC285D2C
instantaneous,{'theta': 0.8192415066786928},0.049305555555555554,0.003125,0.05,0.01,"[0.04, 0.060000000000000005]",80,13,True,True,within_interval,0.0,0.9694444444444444,61976C24-1C50-4355-9C49-AAE44A7D09F6
moving_average,"{'theta': 0.8192415066786928, 'w': 10}",0.049305555555555554,0.05763888888888889,0.05,0.01,"[0.04, 0.060000000000000005]",320,27,True,True,within_interval,0.0,1.0,61976C24-1C50-4355-9C49-AAE44A7D09F6
ewma,"{'theta': 0.8252600609887043, 'alpha': 0.1}",0.049305555555555554,0.13090277777777778,0.05,0.01,"[0.04, 0.060000000000000005]",320,25,True,True,within_interval,0.0,1.0,61976C24-1C50-4355-9C49-AAE44A7D09F6
majority_vote,"{'theta': 0.8247350713682372, 'w': 3, 'k': 2}",0.05,0.010069444444444445,0.05,0.01,"[0.04, 0.060000000000000005]",400,60,True,True,within_interval,0.0,0.975,61976C24-1C50-4355-9C49-AAE44A7D09F6
debounce,"{'theta': 0.8252600609887043, 'n': 2}",0.05,0.010763888888888889,0.05,0.01,"[0.04, 0.060000000000000005]",320,34,True,True,within_interval,0.0,1.0,61976C24-1C50-4355-9C49-AAE44A7D09F6
margin_dual_threshold,"{'theta': 0.7860937164454752, 'margin': 0.1}",0.04722222222222222,0.00034722222222222224,0.05,0.01,"[0.04, 0.060000000000000005]",320,1,True,True,within_interval,0.0,1.0,61976C24-1C50-4355-9C49-AAE44A7D09F6
hysteresis,"{'theta': 0.8124883677647496, 'margin': 0.05, 'ttt_frames': 3}",0.05,0.016319444444444445,0.05,0.01,"[0.04, 0.060000000000000005]",960,100,True,True,within_interval,0.0,1.0,61976C24-1C50-4355-9C49-AAE44A7D09F6
trust_model,"{'theta': 0.8390291550344314, 'gain': 0.6, 'decay': 0.05, 'tau_lo': 0.4, 'tau_hi': 0.6}",0.05,0.13020833333333334,0.05,0.01,"[0.04, 0.060000000000000005]",720,47,True,True,within_interval,0.0,1.0,61976C24-1C50-4355-9C49-AAE44A7D09F6
sprt,"{'A': 2, 'B': 16, 'mu_gen': 0.9222920802572534, 'sd_gen': 0.04653753310168143, 'mu_imp': 0.4228784741609281, 'sd_imp': 0.23976809866469934}",0.050694444444444445,0.0024305555555555556,0.05,0.01,"[0.04, 0.060000000000000005]",25,5,True,True,within_interval,0.004861111111111111,0.06458333333333334,61976C24-1C50-4355-9C49-AAE44A7D09F6
instantaneous,{'theta': 0.7967573403874838},0.049305555555555554,0.2152777777777778,0.05,0.01,"[0.04, 0.060000000000000005]",80,14,True,True,within_interval,0.0,0.9694444444444444,78A91A4E-4A51-4065-BDA7-94755F0BB3BB
moving_average,"{'theta': 0.7921455998164482, 'w': 3}",0.05,0.22465277777777778,0.05,0.01,"[0.04, 0.060000000000000005]",320,36,True,True,within_interval,0.0,0.9979166666666667,78A91A4E-4A51-4065-BDA7-94755F0BB3BB
ewma,"{'theta': 0.7967573403874838, 'alpha': 0.2}",0.05,0.2534722222222222,0.05,0.01,"[0.04, 0.060000000000000005]",320,42,True,True,within_interval,0.0,1.0,78A91A4E-4A51-4065-BDA7-94755F0BB3BB
majority_vote,"{'theta': 0.8119494962446098, 'w': 3, 'k': 2}",0.050694444444444445,0.22118055555555555,0.05,0.01,"[0.04, 0.060000000000000005]",400,63,True,True,within_interval,0.0,0.9708333333333333,78A91A4E-4A51-4065-BDA7-94755F0BB3BB
debounce,"{'theta': 0.841155039915782, 'n': 5}",0.05,0.3128472222222222,0.05,0.01,"[0.04, 0.060000000000000005]",320,33,True,True,within_interval,0.0,1.0,78A91A4E-4A51-4065-BDA7-94755F0BB3BB
margin_dual_threshold,"{'theta': 0.7836051745429761, 'margin': 0.05}",0.05138888888888889,0.21597222222222223,0.05,0.01,"[0.04, 0.060000000000000005]",320,14,True,True,within_interval,0.0,1.0,78A91A4E-4A51-4065-BDA7-94755F0BB3BB
hysteresis,"{'theta': 0.7967573403874838, 'margin': 0.1, 'ttt_frames': 3}",0.05,0.24895833333333334,0.05,0.01,"[0.04, 0.060000000000000005]",960,55,True,True,within_interval,0.0,1.0,78A91A4E-4A51-4065-BDA7-94755F0BB3BB
trust_model,"{'theta': 0.8651617598034915, 'gain': 0.3, 'decay': 0.05, 'tau_lo': 0.4, 'tau_hi': 0.6}",0.049305555555555554,0.45729166666666665,0.05,0.01,"[0.04, 0.060000000000000005]",720,28,True,True,within_interval,0.0,1.0,78A91A4E-4A51-4065-BDA7-94755F0BB3BB
sprt,"{'A': 16, 'B': 1, 'mu_gen': 0.8637531252741469, 'sd_gen': 0.09330547257980165, 'mu_imp': 0.40990949498494017, 'sd_imp': 0.23671893566453703}",0.15208333333333332,0.11388888888888889,0.05,0.01,"[0.04, 0.060000000000000005]",25,0,False,False,above_interval,0.15208333333333332,0.18125,78A91A4E-4A51-4065-BDA7-94755F0BB3BB
instantaneous,{'theta': 0.8791108051918868},0.049305555555555554,0.4996527777777778,0.05,0.01,"[0.04, 0.060000000000000005]",80,18,True,True,within_interval,0.001388888888888889,0.9694444444444444,7CE37510-56D0-4120-A1CF-0E23351428D2
moving_average,"{'theta': 0.8591321571051302, 'w': 3}",0.05,0.45625,0.05,0.01,"[0.04, 0.060000000000000005]",320,64,True,True,within_interval,0.0,0.9972222222222222,7CE37510-56D0-4120-A1CF-0E23351428D2
ewma,"{'theta': 0.8548466033601168, 'alpha': 0.2}",0.05,0.48194444444444445,0.05,0.01,"[0.04, 0.060000000000000005]",320,63,True,True,within_interval,0.0,0.9958333333333333,7CE37510-56D0-4120-A1CF-0E23351428D2
majority_vote,"{'theta': 0.8357973520818115, 'w': 5, 'k': 4}",0.05,0.4576388888888889,0.05,0.01,"[0.04, 0.060000000000000005]",400,79,True,True,within_interval,0.0006944444444444445,0.9798611111111111,7CE37510-56D0-4120-A1CF-0E23351428D2
debounce,"{'theta': 0.8918112603247744, 'n': 2}",0.049305555555555554,0.5618055555555556,0.05,0.01,"[0.04, 0.060000000000000005]",320,48,True,True,within_interval,0.0006944444444444445,1.0,7CE37510-56D0-4120-A1CF-0E23351428D2
margin_dual_threshold,"{'theta': 0.8655932179580828, 'margin': 0.1}",0.05,0.5072916666666667,0.05,0.01,"[0.04, 0.060000000000000005]",320,34,True,True,within_interval,0.0,1.0,7CE37510-56D0-4120-A1CF-0E23351428D2
hysteresis,"{'theta': 0.843934511434512, 'margin': 0.2, 'ttt_frames': 2}",0.050694444444444445,0.43506944444444445,0.05,0.01,"[0.04, 0.060000000000000005]",960,62,True,True,within_interval,0.0,1.0,7CE37510-56D0-4120-A1CF-0E23351428D2
trust_model,"{'theta': 0.840622576838793, 'gain': 0.3, 'decay': 0.2, 'tau_lo': 0.4, 'tau_hi': 0.6}",0.05,0.3798611111111111,0.05,0.01,"[0.04, 0.060000000000000005]",720,71,True,True,within_interval,0.0,1.0,7CE37510-56D0-4120-A1CF-0E23351428D2
sprt,"{'A': 16, 'B': 1, 'mu_gen': 0.8648071952865027, 'sd_gen': 0.10034639021589169, 'mu_imp': 0.44753843793117437, 'sd_imp': 0.20824835630527533}",0.10625,0.11875,0.05,0.01,"[0.04, 0.060000000000000005]",25,0,False,False,above_interval,0.10625,0.17222222222222222,7CE37510-56D0-4120-A1CF-0E23351428D2
instantaneous,{'theta': 0.9537490921096072},0.049305555555555554,0.0020833333333333333,0.05,0.01,"[0.04, 0.060000000000000005]",80,13,True,True,within_interval,0.0,0.9708333333333333,7D9BB102-A612-4E2A-8E22-3159752F55D8
moving_average,"{'theta': 0.9509854737537141, 'w': 3}",0.050694444444444445,0.014930555555555556,0.05,0.01,"[0.04, 0.060000000000000005]",320,77,True,True,within_interval,0.0,1.0,7D9BB102-A612-4E2A-8E22-3159752F55D8
ewma,"{'theta': 0.9474915813799935, 'alpha': 0.5}",0.050694444444444445,0.023958333333333335,0.05,0.01,"[0.04, 0.060000000000000005]",320,118,True,True,within_interval,0.0,1.0,7D9BB102-A612-4E2A-8E22-3159752F55D8
majority_vote,"{'theta': 0.9603550676791021, 'w': 3, 'k': 2}",0.05,0.007638888888888889,0.05,0.01,"[0.04, 0.060000000000000005]",400,45,True,True,within_interval,0.0006944444444444445,0.9944444444444445,7D9BB102-A612-4E2A-8E22-3159752F55D8
debounce,"{'theta': 0.9778047317596567, 'n': 5}",0.050694444444444445,0.29583333333333334,0.05,0.01,"[0.04, 0.060000000000000005]",320,29,True,True,within_interval,0.0020833333333333333,1.0,7D9BB102-A612-4E2A-8E22-3159752F55D8
margin_dual_threshold,"{'theta': 0.9623558930340046, 'margin': 0.2}",0.05,0.4791666666666667,0.05,0.01,"[0.04, 0.060000000000000005]",320,175,True,True,within_interval,0.0,1.0,7D9BB102-A612-4E2A-8E22-3159752F55D8
hysteresis,"{'theta': 0.9786480686695279, 'margin': 0.05, 'ttt_frames': 2}",0.05763888888888889,0.4791666666666667,0.05,0.01,"[0.04, 0.060000000000000005]",960,10,True,True,within_interval,0.014583333333333334,1.0,7D9BB102-A612-4E2A-8E22-3159752F55D8
trust_model,"{'theta': 0.980793991416309, 'gain': 0.6, 'decay': 0.2, 'tau_lo': 0.4, 'tau_hi': 0.6}",0.050694444444444445,0.4791666666666667,0.05,0.01,"[0.04, 0.060000000000000005]",720,61,True,True,within_interval,0.001388888888888889,1.0,7D9BB102-A612-4E2A-8E22-3159752F55D8
sprt,"{'A': 1, 'B': 4, 'mu_gen': 0.9798235202074391, 'sd_gen': 0.007000116875024002, 'mu_imp': 0.520140304601812, 'sd_imp': 0.3113554872997973}",0.04583333333333333,0.0,0.05,0.01,"[0.04, 0.060000000000000005]",25,21,True,True,within_interval,0.034027777777777775,0.04583333333333333,7D9BB102-A612-4E2A-8E22-3159752F55D8
instantaneous,{'theta': 0.79839453773759},0.05,0.0020833333333333333,0.05,0.01,"[0.04, 0.060000000000000005]",80,13,True,True,within_interval,0.0,0.9694444444444444,8023FE1A-D3B0-4E2C-A57A-9321B7FC755F
moving_average,"{'theta': 0.7959867701960339, 'w': 5}",0.05,0.022222222222222223,0.05,0.01,"[0.04, 0.060000000000000005]",320,43,True,True,within_interval,0.0,1.0,8023FE1A-D3B0-4E2C-A57A-9321B7FC755F
ewma,"{'theta': 0.7956264993541243, 'alpha': 0.2}",0.05,0.043055555555555555,0.05,0.01,"[0.04, 0.060000000000000005]",320,37,True,True,within_interval,0.0,1.0,8023FE1A-D3B0-4E2C-A57A-9321B7FC755F
majority_vote,"{'theta': 0.7981124817238492, 'w': 10, 'k': 8}",0.05,0.05555555555555555,0.05,0.01,"[0.04, 0.060000000000000005]",400,68,True,True,within_interval,0.0,0.9770833333333333,8023FE1A-D3B0-4E2C-A57A-9321B7FC755F
debounce,"{'theta': 0.8026597300097946, 'n': 2}",0.05,0.00798611111111111,0.05,0.01,"[0.04, 0.060000000000000005]",320,28,True,True,within_interval,0.0,1.0,8023FE1A-D3B0-4E2C-A57A-9321B7FC755F
margin_dual_threshold,"{'theta': 0.780194330489588, 'margin': 0.1}",0.049305555555555554,0.0,0.05,0.01,"[0.04, 0.060000000000000005]",320,15,True,True,within_interval,0.0,1.0,8023FE1A-D3B0-4E2C-A57A-9321B7FC755F
hysteresis,"{'theta': 0.791393529887717, 'margin': 0.05, 'ttt_frames': 2}",0.05,0.008333333333333333,0.05,0.01,"[0.04, 0.060000000000000005]",960,69,True,True,within_interval,0.0,1.0,8023FE1A-D3B0-4E2C-A57A-9321B7FC755F
trust_model,"{'theta': 0.9236021406163499, 'gain': 0.3, 'decay': 0.0, 'tau_lo': 0.4, 'tau_hi': 0.6}",0.049305555555555554,0.5965277777777778,0.05,0.01,"[0.04, 0.060000000000000005]",720,35,True,True,within_interval,0.0,1.0,8023FE1A-D3B0-4E2C-A57A-9321B7FC755F
sprt,"{'A': 8, 'B': 16, 'mu_gen': 0.9076884188349633, 'sd_gen': 0.04771916743741587, 'mu_imp': 0.4414348434520514, 'sd_imp': 0.2654316035306911}",0.049305555555555554,0.027430555555555555,0.05,0.01,"[0.04, 0.060000000000000005]",25,11,True,True,within_interval,0.0125,0.05694444444444444,8023FE1A-D3B0-4E2C-A57A-9321B7FC755F
instantaneous,{'theta': 0.8227564807762828},0.049305555555555554,0.0,0.05,0.01,"[0.04, 0.060000000000000005]",72,9,True,True,within_interval,0.0,0.9694444444444444,83CF687B-7CEC-434B-9FE8-00C3D5799BE6
moving_average,"{'theta': 0.8209049110039209, 'w': 10}",0.05,0.05659722222222222,0.05,0.01,"[0.04, 0.060000000000000005]",288,46,True,True,within_interval,0.0,1.0,83CF687B-7CEC-434B-9FE8-00C3D5799BE6
ewma,"{'theta': 0.8137248596654536, 'alpha': 0.2}",0.05,0.05451388888888889,0.05,0.01,"[0.04, 0.060000000000000005]",288,50,True,True,within_interval,0.0,1.0,83CF687B-7CEC-434B-9FE8-00C3D5799BE6
majority_vote,"{'theta': 0.8559345067840117, 'w': 10, 'k': 6}",0.05,0.18645833333333334,0.05,0.01,"[0.04, 0.060000000000000005]",360,38,True,True,within_interval,0.0,0.975,83CF687B-7CEC-434B-9FE8-00C3D5799BE6
debounce,"{'theta': 0.868995232856619, 'n': 5}",0.05,0.24305555555555555,0.05,0.01,"[0.04, 0.060000000000000005]",288,20,True,True,within_interval,0.0,0.9861111111111112,83CF687B-7CEC-434B-9FE8-00C3D5799BE6
margin_dual_threshold,"{'theta': 0.7474189952328566, 'margin': 0.2}",0.04722222222222222,0.0024305555555555556,0.05,0.01,"[0.04, 0.060000000000000005]",288,11,True,True,within_interval,0.0,1.0,83CF687B-7CEC-434B-9FE8-00C3D5799BE6
hysteresis,"{'theta': 0.8998880546387973, 'margin': 0.1, 'ttt_frames': 5}",0.050694444444444445,0.45625,0.05,0.01,"[0.04, 0.060000000000000005]",864,87,True,True,within_interval,0.002777777777777778,1.0,83CF687B-7CEC-434B-9FE8-00C3D5799BE6
trust_model,"{'theta': 0.8257432434910158, 'gain': 0.3, 'decay': 0.2, 'tau_lo': 0.4, 'tau_hi': 0.6}",0.05,0.13576388888888888,0.05,0.01,"[0.04, 0.060000000000000005]",648,64,True,True,within_interval,0.0,1.0,83CF687B-7CEC-434B-9FE8-00C3D5799BE6
sprt,"{'A': 8, 'B': 4, 'mu_gen': 0.9141794503524426, 'sd_gen': 0.04973947566690963, 'mu_imp': 0.3853044910972579, 'sd_imp': 0.263457380818281}",0.05,0.016319444444444445,0.05,0.01,"[0.04, 0.060000000000000005]",25,7,True,True,within_interval,0.02638888888888889,0.08125,83CF687B-7CEC-434B-9FE8-00C3D5799BE6
instantaneous,{'theta': 0.8593041092822753},0.049305555555555554,0.2690972222222222,0.05,0.01,"[0.04, 0.060000000000000005]",80,14,True,True,within_interval,0.0,0.9694444444444444,9759096F-1119-4E19-A0AD-6F16989C7E1C
moving_average,"{'theta': 0.8562778524241407, 'w': 3}",0.05,0.29270833333333335,0.05,0.01,"[0.04, 0.060000000000000005]",320,45,True,True,within_interval,0.0,0.9993055555555556,9759096F-1119-4E19-A0AD-6F16989C7E1C
ewma,"{'theta': 0.8634363453140745, 'alpha': 0.1}",0.05,0.41180555555555554,0.05,0.01,"[0.04, 0.060000000000000005]",320,44,True,True,within_interval,0.0,1.0,9759096F-1119-4E19-A0AD-6F16989C7E1C
majority_vote,"{'theta': 0.861686121374986, 'w': 3, 'k': 2}",0.05,0.2795138888888889,0.05,0.01,"[0.04, 0.060000000000000005]",400,57,True,True,within_interval,0.0,0.9847222222222223,9759096F-1119-4E19-A0AD-6F16989C7E1C
debounce,"{'theta': 0.973230576783115, 'n': 10}",0.05,0.7413194444444444,0.05,0.01,"[0.04, 0.060000000000000005]",320,39,True,True,within_interval,0.0,1.0,9759096F-1119-4E19-A0AD-6F16989C7E1C
margin_dual_threshold,"{'theta': 0.8420372725618631, 'margin': 0.05}",0.04791666666666667,0.25243055555555555,0.05,0.01,"[0.04, 0.060000000000000005]",320,26,True,True,within_interval,0.0,1.0,9759096F-1119-4E19-A0AD-6F16989C7E1C
hysteresis,"{'theta': 0.9979075691411936, 'margin': 0.05, 'ttt_frames': 10}",0.05,0.7413194444444444,0.05,0.01,"[0.04, 0.060000000000000005]",960,63,True,True,within_interval,0.0,1.0,9759096F-1119-4E19-A0AD-6F16989C7E1C
trust_model,"{'theta': 0.8597161572052402, 'gain': 0.6, 'decay': 0.2, 'tau_lo': 0.4, 'tau_hi': 0.6}",0.05,0.3784722222222222,0.05,0.01,"[0.04, 0.060000000000000005]",720,61,True,True,within_interval,0.0,1.0,9759096F-1119-4E19-A0AD-6F16989C7E1C
sprt,"{'A': 16, 'B': 1, 'mu_gen': 0.887660659772764, 'sd_gen': 0.0898039584329008, 'mu_imp': 0.47804609160197314, 'sd_imp': 0.2649974344473558}",0.1638888888888889,0.14583333333333334,0.05,0.01,"[0.04, 0.060000000000000005]",25,0,False,False,above_interval,0.1638888888888889,0.2465277777777778,9759096F-1119-4E19-A0AD-6F16989C7E1C
instantaneous,{'theta': 0.7681265429276767},0.05,0.0,0.05,0.01,"[0.04, 0.060000000000000005]",78,12,True,True,within_interval,0.0,0.9701388888888889,9DC38D04-E82E-4F29-AB52-B476535226F2
moving_average,"{'theta': 0.7639091017787186, 'w': 3}",0.05,0.009722222222222222,0.05,0.01,"[0.04, 0.060000000000000005]",312,38,True,True,within_interval,0.0,1.0,9DC38D04-E82E-4F29-AB52-B476535226F2
ewma,"{'theta': 0.760263326323489, 'alpha': 0.5}",0.05,0.006944444444444444,0.05,0.01,"[0.04, 0.060000000000000005]",312,31,True,True,within_interval,0.0,1.0,9DC38D04-E82E-4F29-AB52-B476535226F2
majority_vote,"{'theta': 0.7501486133871615, 'w': 5, 'k': 4}",0.050694444444444445,0.022916666666666665,0.05,0.01,"[0.04, 0.060000000000000005]",390,63,True,True,within_interval,0.0,1.0,9DC38D04-E82E-4F29-AB52-B476535226F2
debounce,"{'theta': 0.7641435916191334, 'n': 2}",0.050694444444444445,0.007638888888888889,0.05,0.01,"[0.04, 0.060000000000000005]",312,20,True,True,within_interval,0.0,1.0,9DC38D04-E82E-4F29-AB52-B476535226F2
margin_dual_threshold,"{'theta': 0.7519228307579776, 'margin': 0.4}",0.05277777777777778,0.11527777777777778,0.05,0.01,"[0.04, 0.060000000000000005]",312,34,True,True,within_interval,0.0,1.0,9DC38D04-E82E-4F29-AB52-B476535226F2
hysteresis,"{'theta': 0.9881653378440157, 'margin': 0.05, 'ttt_frames': 10}",0.050694444444444445,0.7149305555555555,0.05,0.01,"[0.04, 0.060000000000000005]",936,110,True,True,within_interval,0.0,1.0,9DC38D04-E82E-4F29-AB52-B476535226F2
trust_model,"{'theta': 0.7698637652006949, 'gain': 0.6, 'decay': 0.2, 'tau_lo': 0.4, 'tau_hi': 0.6}",0.050694444444444445,0.03090277777777778,0.05,0.01,"[0.04, 0.060000000000000005]",702,59,True,True,within_interval,0.0,1.0,9DC38D04-E82E-4F29-AB52-B476535226F2
sprt,"{'A': 16, 'B': 16, 'mu_gen': 0.9283328190241077, 'sd_gen': 0.049476581138782595, 'mu_imp': 0.4217360412666484, 'sd_imp': 0.2365967628761124}",0.011111111111111112,0.04375,0.05,0.01,"[0.04, 0.060000000000000005]",25,0,False,False,below_interval,0.001388888888888889,0.011111111111111112,9DC38D04-E82E-4F29-AB52-B476535226F2
instantaneous,{'theta': 0.8794083072100314},0.050694444444444445,0.0,0.05,0.01,"[0.04, 0.060000000000000005]",67,5,True,True,within_interval,0.0,0.9930555555555556,A5CDF89D-02A2-4EC1-89F8-F534FDABDD96
moving_average,"{'theta': 0.8795062695924765, 'w': 3}",0.050694444444444445,0.013888888888888888,0.05,0.01,"[0.04, 0.060000000000000005]",268,29,True,True,within_interval,0.0,1.0,A5CDF89D-02A2-4EC1-89F8-F534FDABDD96
ewma,"{'theta': 0.8789221123703882, 'alpha': 0.5}",0.050694444444444445,0.019444444444444445,0.05,0.01,"[0.04, 0.060000000000000005]",268,49,True,True,within_interval,0.0,1.0,A5CDF89D-02A2-4EC1-89F8-F534FDABDD96
majority_vote,"{'theta': 0.8805289968652037, 'w': 5, 'k': 3}",0.050694444444444445,0.01840277777777778,0.05,0.01,"[0.04, 0.060000000000000005]",335,39,True,True,within_interval,0.0,1.0,A5CDF89D-02A2-4EC1-89F8-F534FDABDD96
debounce,"{'theta': 0.880081082710393, 'n': 2}",0.05,0.011111111111111112,0.05,0.01,"[0.04, 0.060000000000000005]",268,21,True,True,within_interval,0.0,1.0,A5CDF89D-02A2-4EC1-89F8-F534FDABDD96
margin_dual_threshold,"{'theta': 0.8687931034482759, 'margin': 0.2}",0.04097222222222222,0.14305555555555555,0.05,0.01,"[0.04, 0.060000000000000005]",268,3,True,True,within_interval,0.0,1.0,A5CDF89D-02A2-4EC1-89F8-F534FDABDD96
hysteresis,"{'theta': 0.8955721003134797, 'margin': 0.05, 'ttt_frames': 2}",0.05138888888888889,0.08993055555555556,0.05,0.01,"[0.04, 0.060000000000000005]",804,118,True,True,within_interval,0.0,1.0,A5CDF89D-02A2-4EC1-89F8-F534FDABDD96
trust_model,"{'theta': 0.8772531347962382, 'gain': 0.6, 'decay': 0.2, 'tau_lo': 0.4, 'tau_hi': 0.6}",0.05,0.1375,0.05,0.01,"[0.04, 0.060000000000000005]",603,60,True,True,within_interval,0.0,1.0,A5CDF89D-02A2-4EC1-89F8-F534FDABDD96
sprt,"{'A': 16, 'B': 1, 'mu_gen': 0.9350901594065658, 'sd_gen': 0.032933984738250634, 'mu_imp': 0.5672567539620341, 'sd_imp': 0.23100027401745882}",0.06111111111111111,0.043402777777777776,0.05,0.01,"[0.04, 0.060000000000000005]",25,0,False,False,above_interval,0.06111111111111111,0.08263888888888889,A5CDF89D-02A2-4EC1-89F8-F534FDABDD96
instantaneous,{'theta': 0.7957267561075635},0.049305555555555554,0.0,0.05,0.01,"[0.04, 0.060000000000000005]",80,13,True,True,within_interval,0.0,0.9694444444444444,A76A5AF5-5A93-4CF2-A16E-62353BB70E8A
moving_average,"{'theta': 0.8143132286601441, 'w': 10}",0.05,0.058680555555555555,0.05,0.01,"[0.04, 0.060000000000000005]",320,34,True,True,within_interval,0.0,1.0,A76A5AF5-5A93-4CF2-A16E-62353BB70E8A
ewma,"{'theta': 0.7835930634483567, 'alpha': 0.3}",0.050694444444444445,0.028125,0.05,0.01,"[0.04, 0.060000000000000005]",320,37,True,True,within_interval,0.0,1.0,A76A5AF5-5A93-4CF2-A16E-62353BB70E8A
majority_vote,"{'theta': 0.8115547190813756, 'w': 3, 'k': 2}",0.049305555555555554,0.007638888888888889,0.05,0.01,"[0.04, 0.060000000000000005]",400,40,True,True,within_interval,0.0,0.9916666666666667,A76A5AF5-5A93-4CF2-A16E-62353BB70E8A
debounce,"{'theta': 0.8098315659968364, 'n': 2}",0.049305555555555554,0.007638888888888889,0.05,0.01,"[0.04, 0.060000000000000005]",320,30,True,True,within_interval,0.0,0.9958333333333333,A76A5AF5-5A93-4CF2-A16E-62353BB70E8A
margin_dual_threshold,"{'theta': 0.791068018044408, 'margin': 0.1}",0.05,0.0,0.05,0.01,"[0.04, 0.060000000000000005]",320,28,True,True,within_interval,0.0,1.0,A76A5AF5-5A93-4CF2-A16E-62353BB70E8A
hysteresis,"{'theta': 0.9239373952779892, 'margin': 0.1, 'ttt_frames': 5}",0.050694444444444445,0.46076388888888886,0.05,0.01,"[0.04, 0.060000000000000005]",960,83,True,True,within_interval,0.0,1.0,A76A5AF5-5A93-4CF2-A16E-62353BB70E8A
trust_model,"{'theta': 0.9193640517897944, 'gain': 0.3, 'decay': 0.0, 'tau_lo': 0.4, 'tau_hi': 0.6}",0.05,0.46284722222222224,0.05,0.01,"[0.04, 0.060000000000000005]",720,47,True,True,within_interval,0.0,1.0,A76A5AF5-5A93-4CF2-A16E-62353BB70E8A
sprt,"{'A': 1, 'B': 16, 'mu_gen': 0.9213061029660659, 'sd_gen': 0.03800423115832477, 'mu_imp': 0.34168451700939323, 'sd_imp': 0.24255002688144064}",0.049305555555555554,0.0006944444444444445,0.05,0.01,"[0.04, 0.060000000000000005]",25,5,True,True,within_interval,0.00625,0.049305555555555554,A76A5AF5-5A93-4CF2-A16E-62353BB70E8A
instantaneous,{'theta': 0.8017757381415986},0.049305555555555554,0.002777777777777778,0.05,0.01,"[0.04, 0.060000000000000005]",80,13,True,True,within_interval,0.0,0.9694444444444444,B09E373F-8A54-44C8-895B-0039390B859F
moving_average,"{'theta': 0.7942619307858793, 'w': 5}",0.05,0.026041666666666668,0.05,0.01,"[0.04, 0.060000000000000005]",320,44,True,True,within_interval,0.0,1.0,B09E373F-8A54-44C8-895B-0039390B859F
ewma,"{'theta': 0.8133057306859885, 'alpha': 0.1}",0.05,0.11215277777777778,0.05,0.01,"[0.04, 0.060000000000000005]",320,54,True,True,within_interval,0.0,1.0,B09E373F-8A54-44C8-895B-0039390B859F
majority_vote,"{'theta': 0.8170697280511904, 'w': 5, 'k': 3}",0.05,0.016666666666666666,0.05,0.01,"[0.04, 0.060000000000000005]",400,61,True,True,within_interval,0.0,0.98125,B09E373F-8A54-44C8-895B-0039390B859F
debounce,"{'theta': 0.8023277428321184, 'n': 2}",0.050694444444444445,0.00798611111111111,0.05,0.01,"[0.04, 0.060000000000000005]",320,29,True,True,within_interval,0.0,1.0,B09E373F-8A54-44C8-895B-0039390B859F
margin_dual_threshold,"{'theta': 0.7921028439895478, 'margin': 0.05}",0.05138888888888889,0.002777777777777778,0.05,0.01,"[0.04, 0.060000000000000005]",320,32,True,True,within_interval,0.0,1.0,B09E373F-8A54-44C8-895B-0039390B859F
hysteresis,"{'theta': 0.8383363131645808, 'margin': 0.05, 'ttt_frames': 3}",0.05,0.052083333333333336,0.05,0.01,"[0.04, 0.060000000000000005]",960,49,True,True,within_interval,0.0,1.0,B09E373F-8A54-44C8-895B-0039390B859F
trust_model,"{'theta': 0.9099443775289356, 'gain': 0.1, 'decay': 0.05, 'tau_lo': 0.4, 'tau_hi': 0.6}",0.05,0.49895833333333334,0.05,0.01,"[0.04, 0.060000000000000005]",720,32,True,True,within_interval,0.0,1.0,B09E373F-8A54-44C8-895B-0039390B859F
sprt,"{'A': 4, 'B': 8, 'mu_gen': 0.9171170394069613, 'sd_gen': 0.05103436955237829, 'mu_imp': 0.41823114341875517, 'sd_imp': 0.23939924368701773}",0.05,0.017013888888888887,0.05,0.01,"[0.04, 0.060000000000000005]",25,7,True,True,within_interval,0.02013888888888889,0.07569444444444444,B09E373F-8A54-44C8-895B-0039390B859F
instantaneous,{'theta': 0.8578622327790973},0.04375,0.05138888888888889,0.05,0.01,"[0.04, 0.060000000000000005]",46,1,True,True,within_interval,0.0,0.9694444444444444,B9724848-C7E2-45F4-9B3F-A1F38D864495
moving_average,"{'theta': 0.8580522565320665, 'w': 10}",0.05,0.10625,0.05,0.01,"[0.04, 0.060000000000000005]",184,11,True,True,within_interval,0.0,1.0,B9724848-C7E2-45F4-9B3F-A1F38D864495
ewma,"{'theta': 0.8577672209026128, 'alpha': 0.5}",0.049305555555555554,0.06597222222222222,0.05,0.01,"[0.04, 0.060000000000000005]",184,8,True,True,within_interval,0.0,1.0,B9724848-C7E2-45F4-9B3F-A1F38D864495
majority_vote,"{'theta': 0.8578622327790973, 'w': 3, 'k': 2}",0.050694444444444445,0.05625,0.05,0.01,"[0.04, 0.060000000000000005]",230,20,True,True,within_interval,0.0,0.9833333333333333,B9724848-C7E2-45F4-9B3F-A1F38D864495
debounce,"{'theta': 0.8578622327790973, 'n': 2}",0.05,0.05625,0.05,0.01,"[0.04, 0.060000000000000005]",184,17,True,True,within_interval,0.0,0.9951388888888889,B9724848-C7E2-45F4-9B3F-A1F38D864495
margin_dual_threshold,"{'theta': 0.8718289786223278, 'margin': 0.05}",0.05,0.06631944444444444,0.05,0.01,"[0.04, 0.060000000000000005]",184,8,True,True,within_interval,0.0,1.0,B9724848-C7E2-45F4-9B3F-A1F38D864495
hysteresis,"{'theta': 0.9037529691211401, 'margin': 0.05, 'ttt_frames': 5}",0.052083333333333336,0.36354166666666665,0.05,0.01,"[0.04, 0.060000000000000005]",552,21,True,True,within_interval,0.0,1.0,B9724848-C7E2-45F4-9B3F-A1F38D864495
trust_model,"{'theta': 0.9245605700712589, 'gain': 0.3, 'decay': 0.2, 'tau_lo': 0.4, 'tau_hi': 0.6}",0.050694444444444445,0.5024305555555556,0.05,0.01,"[0.04, 0.060000000000000005]",414,10,True,True,within_interval,0.0,1.0,B9724848-C7E2-45F4-9B3F-A1F38D864495
sprt,"{'A': 16, 'B': 2, 'mu_gen': 0.9239201966218, 'sd_gen': 0.050274925613760804, 'mu_imp': 0.46557370018474536, 'sd_imp': 0.26992834665698123}",0.15347222222222223,0.07881944444444444,0.05,0.01,"[0.04, 0.060000000000000005]",25,0,False,False,above_interval,0.15347222222222223,0.2298611111111111,B9724848-C7E2-45F4-9B3F-A1F38D864495
instantaneous,{'theta': 0.8096483557710346},0.049305555555555554,0.004166666666666667,0.05,0.01,"[0.04, 0.060000000000000005]",80,13,True,True,within_interval,0.0,0.9729166666666667,BE3CA5A6-A561-4BBD-B7C9-5DF6805400FC
moving_average,"{'theta': 0.8112693534190438, 'w': 5}",0.05,0.025347222222222222,0.05,0.01,"[0.04, 0.060000000000000005]",320,41,True,True,within_interval,0.0,1.0,BE3CA5A6-A561-4BBD-B7C9-5DF6805400FC
ewma,"{'theta': 0.8058718958775234, 'alpha': 0.5}",0.05,0.01597222222222222,0.05,0.01,"[0.04, 0.060000000000000005]",320,41,True,True,within_interval,0.0,1.0,BE3CA5A6-A561-4BBD-B7C9-5DF6805400FC
majority_vote,"{'theta': 0.8126993059463515, 'w': 3, 'k': 2}",0.05,0.011111111111111112,0.05,0.01,"[0.04, 0.060000000000000005]",400,63,True,True,within_interval,0.0,0.9923611111111111,BE3CA5A6-A561-4BBD-B7C9-5DF6805400FC
debounce,"{'theta': 0.8124190871968024, 'n': 2}",0.05,0.011111111111111112,0.05,0.01,"[0.04, 0.060000000000000005]",320,27,True,True,within_interval,0.0,1.0,BE3CA5A6-A561-4BBD-B7C9-5DF6805400FC
margin_dual_threshold,"{'theta': 0.8039412435248114, 'margin': 0.05}",0.05,0.004166666666666667,0.05,0.01,"[0.04, 0.060000000000000005]",320,107,True,True,within_interval,0.0,1.0,BE3CA5A6-A561-4BBD-B7C9-5DF6805400FC
hysteresis,"{'theta': 0.9071468767585819, 'margin': 0.05, 'ttt_frames': 5}",0.04861111111111111,0.44583333333333336,0.05,0.01,"[0.04, 0.060000000000000005]",960,21,True,True,within_interval,0.0,1.0,BE3CA5A6-A561-4BBD-B7C9-5DF6805400FC
trust_model,"{'theta': 0.8530314293753517, 'gain': 0.6, 'decay': 0.05, 'tau_lo': 0.4, 'tau_hi': 0.6}",0.05,0.20798611111111112,0.05,0.01,"[0.04, 0.060000000000000005]",720,22,True,True,within_interval,0.0,1.0,BE3CA5A6-A561-4BBD-B7C9-5DF6805400FC
sprt,"{'A': 1, 'B': 1, 'mu_gen': 0.9119033196815274, 'sd_gen': 0.04618866385352011, 'mu_imp': 0.4270273192438359, 'sd_imp': 0.2722174793355028}",0.05,0.004166666666666667,0.05,0.01,"[0.04, 0.060000000000000005]",25,21,True,True,within_interval,0.029166666666666667,0.06736111111111111,BE3CA5A6-A561-4BBD-B7C9-5DF6805400FC
instantaneous,{'theta': 0.8473766997213512},0.049305555555555554,0.020833333333333332,0.05,0.01,"[0.04, 0.060000000000000005]",79,14,True,True,within_interval,0.0,0.9694444444444444,CA820D43-E5E2-42EF-9798-BE56F776370B
moving_average,"{'theta': 0.8424847034172674, 'w': 3}",0.05,0.035069444444444445,0.05,0.01,"[0.04, 0.060000000000000005]",316,78,True,True,within_interval,0.0,1.0,CA820D43-E5E2-42EF-9798-BE56F776370B
ewma,"{'theta': 0.8429223930330524, 'alpha': 0.2}",0.05,0.07916666666666666,0.05,0.01,"[0.04, 0.060000000000000005]",316,71,True,True,within_interval,0.0,1.0,CA820D43-E5E2-42EF-9798-BE56F776370B
majority_vote,"{'theta': 0.8465474466893175, 'w': 5, 'k': 4}",0.05,0.04861111111111111,0.05,0.01,"[0.04, 0.060000000000000005]",395,82,True,True,within_interval,0.0,0.9777777777777777,CA820D43-E5E2-42EF-9798-BE56F776370B
debounce,"{'theta': 0.8942589615057221, 'n': 5}",0.05,0.21736111111111112,0.05,0.01,"[0.04, 0.060000000000000005]",316,33,True,True,within_interval,0.0,1.0,CA820D43-E5E2-42EF-9798-BE56F776370B
margin_dual_threshold,"{'theta': 0.828226851413979, 'margin': 0.05}",0.04652777777777778,0.016666666666666666,0.05,0.01,"[0.04, 0.060000000000000005]",316,90,True,True,within_interval,0.0,1.0,CA820D43-E5E2-42EF-9798-BE56F776370B
hysteresis,"{'theta': 0.8626690627068949, 'margin': 0.05, 'ttt_frames': 2}",0.049305555555555554,0.059027777777777776,0.05,0.01,"[0.04, 0.060000000000000005]",948,30,True,True,within_interval,0.0020833333333333333,1.0,CA820D43-E5E2-42EF-9798-BE56F776370B
trust_model,"{'theta': 0.8748006053154261, 'gain': 0.6, 'decay': 0.2, 'tau_lo': 0.4, 'tau_hi': 0.6}",0.05,0.20520833333333333,0.05,0.01,"[0.04, 0.060000000000000005]",711,36,True,True,within_interval,0.0,1.0,CA820D43-E5E2-42EF-9798-BE56F776370B
sprt,"{'A': 8, 'B': 1, 'mu_gen': 0.9205267676051159, 'sd_gen': 0.07075881857058122, 'mu_imp': 0.48050445579410866, 'sd_imp': 0.26467079197051896}",0.125,0.04236111111111111,0.05,0.01,"[0.04, 0.060000000000000005]",25,0,False,False,above_interval,0.125,0.21875,CA820D43-E5E2-42EF-9798-BE56F776370B
instantaneous,{'theta': 0.9370037609694943},0.050694444444444445,0.027083333333333334,0.05,0.01,"[0.04, 0.060000000000000005]",79,14,True,True,within_interval,0.0,0.9694444444444444,CDA3BBF7-6631-45E8-85BA-EEB416B32A3C
moving_average,"{'theta': 0.9320936063518596, 'w': 3}",0.05,0.04027777777777778,0.05,0.01,"[0.04, 0.060000000000000005]",316,62,True,True,within_interval,0.0,0.9895833333333334,CDA3BBF7-6631-45E8-85BA-EEB416B32A3C
ewma,"{'theta': 0.9289810022822977, 'alpha': 0.5}",0.05138888888888889,0.042708333333333334,0.05,0.01,"[0.04, 0.060000000000000005]",316,20,True,True,within_interval,0.0,1.0,CDA3BBF7-6631-45E8-85BA-EEB416B32A3C
majority_vote,"{'theta': 0.9391976598412035, 'w': 3, 'k': 2}",0.05,0.04479166666666667,0.05,0.01,"[0.04, 0.060000000000000005]",395,63,True,True,within_interval,0.0,0.9784722222222222,CDA3BBF7-6631-45E8-85BA-EEB416B32A3C
debounce,"{'theta': 0.9390931884663603, 'n': 2}",0.05,0.04479166666666667,0.05,0.01,"[0.04, 0.060000000000000005]",316,31,True,True,within_interval,0.0,1.0,CDA3BBF7-6631-45E8-85BA-EEB416B32A3C
margin_dual_threshold,"{'theta': 0.8811075637275386, 'margin': 0.2}",0.03680555555555556,0.115625,0.05,0.01,"[0.04, 0.060000000000000005]",316,0,False,False,below_interval,0.0,1.0,CDA3BBF7-6631-45E8-85BA-EEB416B32A3C
hysteresis,"{'theta': 0.9373019062007778, 'margin': 0.2, 'ttt_frames': 2}",0.050694444444444445,0.5,0.05,0.01,"[0.04, 0.060000000000000005]",948,136,True,True,within_interval,0.0,1.0,CDA3BBF7-6631-45E8-85BA-EEB416B32A3C
trust_model,"{'theta': 0.9443167572085248, 'gain': 0.6, 'decay': 0.05, 'tau_lo': 0.4, 'tau_hi': 0.6}",0.050694444444444445,0.24861111111111112,0.05,0.01,"[0.04, 0.060000000000000005]",711,93,True,True,within_interval,0.0,1.0,CDA3BBF7-6631-45E8-85BA-EEB416B32A3C
sprt,"{'A': 16, 'B': 1, 'mu_gen': 0.9690704151576357, 'sd_gen': 0.022009718948224313, 'mu_imp': 0.5330616352091749, 'sd_imp': 0.2967821207720427}",0.059722222222222225,0.05625,0.05,0.01,"[0.04, 0.060000000000000005]",25,1,True,True,within_interval,0.059722222222222225,0.13333333333333333,CDA3BBF7-6631-45E8-85BA-EEB416B32A3C
instantaneous,{'theta': 0.8826212232691717},0.049305555555555554,0.003472222222222222,0.05,0.01,"[0.04, 0.060000000000000005]",80,13,True,True,within_interval,0.0,0.9694444444444444,CF722AA9-2533-4E51-9FEB-9EAC84EE9AAC
moving_average,"{'theta': 0.850224131520028, 'w': 3}",0.050694444444444445,0.013541666666666667,0.05,0.01,"[0.04, 0.060000000000000005]",320,38,True,True,within_interval,0.0,0.9875,CF722AA9-2533-4E51-9FEB-9EAC84EE9AAC
ewma,"{'theta': 0.8373137445707644, 'alpha': 0.3}",0.050694444444444445,0.023958333333333335,0.05,0.01,"[0.04, 0.060000000000000005]",320,37,True,True,within_interval,0.0,0.9958333333333333,CF722AA9-2533-4E51-9FEB-9EAC84EE9AAC
majority_vote,"{'theta': 0.9185889128869691, 'w': 5, 'k': 3}",0.05,0.01597222222222222,0.05,0.01,"[0.04, 0.060000000000000005]",400,64,True,True,within_interval,0.0,0.9722222222222222,CF722AA9-2533-4E51-9FEB-9EAC84EE9AAC
debounce,"{'theta': 0.9329425074565464, 'n': 5}",0.05,0.0763888888888889,0.05,0.01,"[0.04, 0.060000000000000005]",320,35,True,True,within_interval,0.0,1.0,CF722AA9-2533-4E51-9FEB-9EAC84EE9AAC
margin_dual_threshold,"{'theta': 0.8658815338728946, 'margin': 0.05}",0.050694444444444445,0.003472222222222222,0.05,0.01,"[0.04, 0.060000000000000005]",320,59,True,True,within_interval,0.0,1.0,CF722AA9-2533-4E51-9FEB-9EAC84EE9AAC
hysteresis,"{'theta': 0.8990534735243166, 'margin': 0.05, 'ttt_frames': 3}",0.05,0.016666666666666666,0.05,0.01,"[0.04, 0.060000000000000005]",960,126,True,True,within_interval,0.0,1.0,CF722AA9-2533-4E51-9FEB-9EAC84EE9AAC
trust_model,"{'theta': 0.9073449948179971, 'gain': 0.6, 'decay': 0.05, 'tau_lo': 0.4, 'tau_hi': 0.6}",0.05,0.11458333333333333,0.05,0.01,"[0.04, 0.060000000000000005]",720,84,True,True,within_interval,0.0,1.0,CF722AA9-2533-4E51-9FEB-9EAC84EE9AAC
sprt,"{'A': 1, 'B': 4, 'mu_gen': 0.9590076008205058, 'sd_gen': 0.022788459835077324, 'mu_imp': 0.4729168809352394, 'sd_imp': 0.26592814461550535}",0.04375,0.003472222222222222,0.05,0.01,"[0.04, 0.060000000000000005]",25,5,True,True,within_interval,0.011805555555555555,0.04375,CF722AA9-2533-4E51-9FEB-9EAC84EE9AAC
instantaneous,{'theta': 0.8260105448154658},0.05,0.0,0.05,0.01,"[0.04, 0.060000000000000005]",80,12,True,True,within_interval,0.0,0.9694444444444444,D7D20E2E-FC78-405D-B346-DBD3FD8FC92B
moving_average,"{'theta': 0.8152351553933276, 'w': 3}",0.05,0.010416666666666666,0.05,0.01,"[0.04, 0.060000000000000005]",320,50,True,True,within_interval,0.0,1.0,D7D20E2E-FC78-405D-B346-DBD3FD8FC92B
ewma,"{'theta': 0.8123922611268832, 'alpha': 0.3}",0.05,0.02048611111111111,0.05,0.01,"[0.04, 0.060000000000000005]",320,50,True,True,within_interval,0.0,1.0,D7D20E2E-FC78-405D-B346-DBD3FD8FC92B
majority_vote,"{'theta': 0.8123922611268832, 'w': 10, 'k': 8}",0.05,0.05520833333333333,0.05,0.01,"[0.04, 0.060000000000000005]",400,86,True,True,within_interval,0.0,0.9902777777777778,D7D20E2E-FC78-405D-B346-DBD3FD8FC92B
debounce,"{'theta': 0.8317984768599883, 'n': 2}",0.049305555555555554,0.007291666666666667,0.05,0.01,"[0.04, 0.060000000000000005]",320,36,True,True,within_interval,0.0,1.0,D7D20E2E-FC78-405D-B346-DBD3FD8FC92B
margin_dual_threshold,"{'theta': 0.8152351553933276, 'margin': 0.1}",0.05,0.0,0.05,0.01,"[0.04, 0.060000000000000005]",320,31,True,True,within_interval,0.0,1.0,D7D20E2E-FC78-405D-B346-DBD3FD8FC92B
hysteresis,"{'theta': 0.9798867408709236, 'margin': 0.05, 'ttt_frames': 10}",0.05,0.7263888888888889,0.05,0.01,"[0.04, 0.060000000000000005]",960,58,True,True,within_interval,0.001388888888888889,1.0,D7D20E2E-FC78-405D-B346-DBD3FD8FC92B
trust_model,"{'theta': 0.8420717107536088, 'gain': 0.6, 'decay': 0.2, 'tau_lo': 0.4, 'tau_hi': 0.6}",0.049305555555555554,0.03958333333333333,0.05,0.01,"[0.04, 0.060000000000000005]",720,21,True,True,within_interval,0.0,1.0,D7D20E2E-FC78-405D-B346-DBD3FD8FC92B
sprt,"{'A': 1, 'B': 16, 'mu_gen': 0.9509785076157001, 'sd_gen': 0.032913119270327244, 'mu_imp': 0.41533507181757034, 'sd_imp': 0.28249564421165707}",0.022916666666666665,0.004166666666666667,0.05,0.01,"[0.04, 0.060000000000000005]",25,0,False,False,below_interval,0.0020833333333333333,0.022916666666666665,D7D20E2E-FC78-405D-B346-DBD3FD8FC92B
instantaneous,{'theta': 0.9253598424696691},0.05138888888888889,0.0,0.05,0.01,"[0.04, 0.060000000000000005]",74,11,True,True,within_interval,0.0,0.9694444444444444,E65577C1-8D5D-4F70-AF23-B3ADB9D3DBA3
moving_average,"{'theta': 0.9227709140570413, 'w': 20}",0.05,0.13159722222222223,0.05,0.01,"[0.04, 0.060000000000000005]",296,27,True,True,within_interval,0.0,1.0,E65577C1-8D5D-4F70-AF23-B3ADB9D3DBA3
ewma,"{'theta': 0.9213212221304707, 'alpha': 0.1}",0.04861111111111111,0.1579861111111111,0.05,0.01,"[0.04, 0.060000000000000005]",296,3,True,True,within_interval,0.0,1.0,E65577C1-8D5D-4F70-AF23-B3ADB9D3DBA3
majority_vote,"{'theta': 0.9213212221304707, 'w': 10, 'k': 8}",0.05,0.05520833333333333,0.05,0.01,"[0.04, 0.060000000000000005]",370,46,True,True,within_interval,0.0,0.9770833333333333,E65577C1-8D5D-4F70-AF23-B3ADB9D3DBA3
debounce,"{'theta': 0.9245328082322302, 'n': 2}",0.049305555555555554,0.00798611111111111,0.05,0.01,"[0.04, 0.060000000000000005]",296,23,True,True,within_interval,0.0,1.0,E65577C1-8D5D-4F70-AF23-B3ADB9D3DBA3
margin_dual_threshold,"{'theta': 0.9525185796862098, 'margin': 0.2}",0.05277777777777778,0.5,0.05,0.01,"[0.04, 0.060000000000000005]",296,17,True,True,within_interval,0.0,1.0,E65577C1-8D5D-4F70-AF23-B3ADB9D3DBA3
hysteresis,"{'theta': 0.9427126341866227, 'margin': 0.05, 'ttt_frames': 3}",0.04791666666666667,0.08506944444444445,0.05,0.01,"[0.04, 0.060000000000000005]",888,28,True,True,within_interval,0.0,1.0,E65577C1-8D5D-4F70-AF23-B3ADB9D3DBA3
trust_model,"{'theta': 0.9348678777869529, 'gain': 0.6, 'decay': 0.2, 'tau_lo': 0.4, 'tau_hi': 0.6}",0.050694444444444445,0.19756944444444444,0.05,0.01,"[0.04, 0.060000000000000005]",666,27,True,True,within_interval,0.0,1.0,E65577C1-8D5D-4F70-AF23-B3ADB9D3DBA3
sprt,"{'A': 8, 'B': 8, 'mu_gen': 0.9611910353014038, 'sd_gen': 0.020220673395324483, 'mu_imp': 0.552892180475273, 'sd_imp': 0.25866536557251285}",0.050694444444444445,0.016666666666666666,0.05,0.01,"[0.04, 0.060000000000000005]",25,11,True,True,within_interval,0.03611111111111111,0.12083333333333333,E65577C1-8D5D-4F70-AF23-B3ADB9D3DBA3
instantaneous,{'theta': 0.8841953430867505},0.05,0.0,0.05,0.01,"[0.04, 0.060000000000000005]",80,13,True,True,within_interval,0.0,0.9694444444444444,ECECC2AB-D32F-4F90-B74C-E12A1C69BBE2
moving_average,"{'theta': 0.8767553773240978, 'w': 5}",0.05,0.029513888888888888,0.05,0.01,"[0.04, 0.060000000000000005]",320,26,True,True,within_interval,0.0,0.9930555555555556,ECECC2AB-D32F-4F90-B74C-E12A1C69BBE2
ewma,"{'theta': 0.8747763754378736, 'alpha': 0.5}",0.050694444444444445,0.017708333333333333,0.05,0.01,"[0.04, 0.060000000000000005]",320,39,True,True,within_interval,0.0,1.0,ECECC2AB-D32F-4F90-B74C-E12A1C69BBE2
majority_vote,"{'theta': 0.8933104027643487, 'w': 5, 'k': 3}",0.05,0.01597222222222222,0.05,0.01,"[0.04, 0.060000000000000005]",400,68,True,True,within_interval,0.0,0.9826388888888888,ECECC2AB-D32F-4F90-B74C-E12A1C69BBE2
debounce,"{'theta': 0.8847104883577169, 'n': 2}",0.049305555555555554,0.00798611111111111,0.05,0.01,"[0.04, 0.060000000000000005]",320,33,True,True,within_interval,0.0,1.0,ECECC2AB-D32F-4F90-B74C-E12A1C69BBE2
margin_dual_threshold,"{'theta': 0.8790768596744282, 'margin': 0.05}",0.050694444444444445,0.0,0.05,0.01,"[0.04, 0.060000000000000005]",320,114,True,True,within_interval,0.0,1.0,ECECC2AB-D32F-4F90-B74C-E12A1C69BBE2
hysteresis,"{'theta': 0.9449824850607872, 'margin': 0.1, 'ttt_frames': 3}",0.050694444444444445,0.37222222222222223,0.05,0.01,"[0.04, 0.060000000000000005]",960,61,True,True,within_interval,0.0,1.0,ECECC2AB-D32F-4F90-B74C-E12A1C69BBE2
trust_model,"{'theta': 0.9360189573459715, 'gain': 0.3, 'decay': 0.05, 'tau_lo': 0.4, 'tau_hi': 0.6}",0.05,0.3142361111111111,0.05,0.01,"[0.04, 0.060000000000000005]",720,43,True,True,within_interval,0.0,1.0,ECECC2AB-D32F-4F90-B74C-E12A1C69BBE2
sprt,"{'A': 1, 'B': 16, 'mu_gen': 0.96601543718662, 'sd_gen': 0.022091885035302464, 'mu_imp': 0.39992802275797334, 'sd_imp': 0.2678842102773667}",0.022916666666666665,0.0010416666666666667,0.05,0.01,"[0.04, 0.060000000000000005]",25,0,False,False,below_interval,0.002777777777777778,0.022916666666666665,ECECC2AB-D32F-4F90-B74C-E12A1C69BBE2
instantaneous,{'theta': 0.8956635240697272},0.049305555555555554,0.0,0.05,0.01,"[0.04, 0.060000000000000005]",70,6,True,True,within_interval,0.0,0.9756944444444444,FDAA70A1-42A3-4E3F-9AE3-3FDA412E03BF
moving_average,"{'theta': 0.895847923961981, 'w': 3}",0.050694444444444445,0.013888888888888888,0.05,0.01,"[0.04, 0.060000000000000005]",280,18,True,True,within_interval,0.0,1.0,FDAA70A1-42A3-4E3F-9AE3-3FDA412E03BF
ewma,"{'theta': 0.9006503251625813, 'alpha': 0.1}",0.05,0.15694444444444444,0.05,0.01,"[0.04, 0.060000000000000005]",280,12,True,True,within_interval,0.0,1.0,FDAA70A1-42A3-4E3F-9AE3-3FDA412E03BF
majority_vote,"{'theta': 0.896248124062031, 'w': 3, 'k': 2}",0.05,0.007638888888888889,0.05,0.01,"[0.04, 0.060000000000000005]",350,24,True,True,within_interval,0.0,0.9902777777777778,FDAA70A1-42A3-4E3F-9AE3-3FDA412E03BF
debounce,"{'theta': 0.8973215838688575, 'n': 3}",0.05,0.015625,0.05,0.01,"[0.04, 0.060000000000000005]",280,25,True,True,within_interval,0.0,1.0,FDAA70A1-42A3-4E3F-9AE3-3FDA412E03BF
margin_dual_threshold,"{'theta': 0.9369684842421211, 'margin': 0.1}",0.059722222222222225,0.2552083333333333,0.05,0.01,"[0.04, 0.060000000000000005]",280,2,True,True,within_interval,0.0,1.0,FDAA70A1-42A3-4E3F-9AE3-3FDA412E03BF
hysteresis,"{'theta': 0.9294647323661831, 'margin': 0.05, 'ttt_frames': 5}",0.04722222222222222,0.25416666666666665,0.05,0.01,"[0.04, 0.060000000000000005]",840,16,True,True,within_interval,0.0,1.0,FDAA70A1-42A3-4E3F-9AE3-3FDA412E03BF
trust_model,"{'theta': 0.9216688944472237, 'gain': 0.6, 'decay': 0.05, 'tau_lo': 0.4, 'tau_hi': 0.6}",0.05,0.23333333333333334,0.05,0.01,"[0.04, 0.060000000000000005]",630,13,True,True,within_interval,0.0,1.0,FDAA70A1-42A3-4E3F-9AE3-3FDA412E03BF
sprt,"{'A': 4, 'B': 1, 'mu_gen': 0.9492592476793953, 'sd_gen': 0.02915887912866318, 'mu_imp': 0.48682535712300595, 'sd_imp': 0.2756063570787728}",0.12152777777777778,0.007291666666666667,0.05,0.01,"[0.04, 0.060000000000000005]",25,0,False,False,above_interval,0.12152777777777778,0.1388888888888889,FDAA70A1-42A3-4E3F-9AE3-3FDA412E03BF
