target_name,target_false_locks_per_hour,tolerance,selection_condition,mechanism,cell_id,params,sweep_name,sweep_value,params_str,in_band,n_in_band_cells,n_rate_band_cells,n_excluded_absorbing,max_lockout_frames,val_lockout_mean_frames,val_frr_time,n_cells,val_false_locks_per_hour,val_ania_median,val_far_frame,val_miss_rate,val_transitions_per_hour,best_smoother
primary,0.125,0.15,M,threshold,threshold|0|40,{},theta,0.0474258731775667,theta=0.04743,True,3,3,0,30.0,1.309090909090909,0.003110375116999,141,0.1425588595291237,0.0,0.2762834821428571,0.1651785714285714,0.2825257397940816,margin
primary,0.125,0.15,M,moving_average,moving_average|0|50,"{""k"": 2}",theta,0.1192029220221175,"k=2, theta=0.1192",True,17,17,0,30.0,2.4125,0.0055583555331557,705,0.1382388940888473,1.0,0.3025483630952381,0.1261160714285714,0.2747498020015839,margin
primary,0.125,0.15,M,ewma,ewma|5|51,"{""alpha"": 0.7}",theta,0.1301084743629979,"alpha=0.7, theta=0.1301",True,18,18,0,30.0,2.367088607594937,0.0053855569155446,846,0.1365109079127366,1.0,0.3055803571428571,0.1160714285714285,0.272157822737418,margin
primary,0.125,0.15,M,majority_vote,majority_vote|0|53,"{""k"": 3}",theta,0.1544652650835348,"k=3, theta=0.1545",True,16,16,0,30.0,3.915151515151515,0.0093023255813953,564,0.1425588595291237,1.0,0.2642671130952381,0.0970982142857142,0.2825257397940816,margin
primary,0.125,0.15,M,debounce,debounce|0|55,"{""T"": 2}",theta,0.1824255238063563,"T=2, theta=0.1824",True,10,16,6,30.0,4.902597402597403,0.0108719130246958,564,0.1330549355605155,1.0,0.2526227678571428,0.0915178571428571,0.2635178918568651,margin
primary,0.125,0.15,M,margin,margin|3|56,"{""m"": 0.3}",theta,0.1978161114414183,"m=0.3, theta=0.1978",True,7,7,0,30.0,3.3161764705882355,0.0064943480452156,564,0.1175030599755201,0.0,0.2063430059523809,0.1194196428571428,0.2324141406868745,margin
primary,0.125,0.15,M,hysteresis,hysteresis|12|66,"{""T"": 2, ""m"": 0.3}",theta,0.4013123398875481,"m=0.3, T=2, theta=0.4013",True,34,230,196,30.0,9.853658536585366,0.0232702138382892,2256,0.1416948664410684,1.0,0.203031994047619,0.0613839285714285,0.2782057743538051,margin
primary,0.125,0.15,M,trust,trust|11|70,"{""r"": 0.5, ""tau"": 0.5}",theta,0.5,"r=0.5, tau=0.5, theta=0.5",True,8,156,148,30.0,13.688741721854305,0.0297645618835049,1692,0.1304629562963496,2.0,0.2883184523809524,0.0658482142857142,0.2531499748002015,margin
primary,0.125,0.15,M,sprt,sprt|2|44,"{""alpha"": 0.05}",beta,0.0054314433504513,"alpha=0.05, beta=0.005431",True,19,19,0,30.0,11.459627329192546,0.0265677874577003,300,0.1391028871769025,0.0,0.1279761904761905,0.0569196428571428,0.2695658434732522,margin
primary,0.125,0.15,M,hmm,hmm|0|102,"{""rho"": 0.0001}",theta,0.9608342772032356,"rho=0.0001, theta=0.9608",True,86,86,0,30.0,13.115853658536585,0.0309741522067823,705,0.1416948664410684,1.0,0.1925223214285714,0.0625,0.2738858089135286,margin
sensitivity_1,0.5,0.15,M,threshold,threshold|0|54,{},theta,0.1679816148660755,theta=0.168,True,3,3,0,30.0,1.6741214057507987,0.0150910792713658,141,0.540859673122615,0.0,0.1570126488095238,0.0848214285714285,1.0748074015407876,margin
sensitivity_1,0.5,0.15,M,moving_average,moving_average|1|69,"{""k"": 3}",theta,0.4750208125210601,"k=3, theta=0.475",True,20,22,2,30.0,4.48688524590164,0.0394124847001224,705,0.5270357837137303,1.0,0.17109375,0.0323660714285714,1.0445676434588522,margin
sensitivity_1,0.5,0.15,M,ewma,ewma|5|63,"{""alpha"": 0.7}",theta,0.331812227831834,"alpha=0.7, theta=0.3318",True,14,67,53,30.0,2.7136150234741785,0.024969400244798,846,0.5520915832673339,0.0,0.1233816964285714,0.0580357142857142,1.0981352149182806,margin
sensitivity_1,0.5,0.15,M,majority_vote,majority_vote|0|68,"{""k"": 3}",theta,0.4501660026875223,"k=3, theta=0.4502",True,24,24,0,30.0,4.512195121951219,0.0399596803225574,564,0.5313557491540067,1.0,0.1787202380952381,0.0368303571428571,1.049751601987184,margin
sensitivity_1,0.5,0.15,M,debounce,debounce|0|72,"{""T"": 2}",theta,0.549833997312478,"T=2, theta=0.5498",True,11,34,23,30.0,6.048895899053628,0.0552235582115343,564,0.5477716178270573,1.0,0.1636718749999999,0.0290178571428571,1.0782633738930087,margin
sensitivity_1,0.5,0.15,M,margin,margin|3|64,"{""m"": 0.3}",theta,0.3543436937742046,"m=0.3, theta=0.3543",True,9,9,0,30.0,3.105008077544426,0.0276765785873713,564,0.5348117215062279,0.0,0.1023809523809523,0.0591517857142857,1.0540715674274606,margin
sensitivity_1,0.5,0.15,M,hysteresis,hysteresis|8|89,"{""T"": 2, ""m"": 0.2}",theta,0.8698915256370021,"m=0.2, T=2, theta=0.8699",True,30,42,12,30.0,28.025316455696203,0.2231694146446828,2256,0.4777881776945784,1.0,0.107328869047619,0.0111607142857142,0.8907768737850097,margin
sensitivity_1,0.5,0.15,M,trust,trust|11|85,"{""r"": 0.5, ""tau"": 0.5}",theta,0.8175744761936437,"r=0.5, tau=0.5, theta=0.8176",False,0,0,0,30.0,27.05043859649123,0.1776225790193678,1692,0.3939808481532147,1.0,0.1164434523809524,0.015625,0.736986104111167,margin
sensitivity_1,0.5,0.15,M,sprt,sprt|1|59,"{""alpha"": 0.01}",beta,0.4897788193684462,"alpha=0.01, beta=0.4898",True,6,6,0,30.0,6.546125461254612,0.0510907912736698,300,0.4682842537259701,0.0,0.0642299107142857,0.0357142857142857,0.912376700986392,margin
sensitivity_1,0.5,0.15,M,hmm,hmm|1|123,"{""rho"": 0.001}",theta,0.995033198349943,"rho=0.001, theta=0.995",True,30,31,1,30.0,5.941265060240964,0.0568075455396356,705,0.5736914104687162,0.0,0.055078125,0.0267857142857142,1.1240550075599394,margin
sensitivity_2,0.0416667,0.15,M,threshold,threshold|0|33,{},theta,0.0241270214176692,theta=0.02413,True,4,4,0,30.0,1.2777777777777777,0.0009935920512635,141,0.0466556267549859,0.25,0.3568266369047619,0.2421875,0.0924472604219166,margin
sensitivity_2,0.0416667,0.15,M,moving_average,moving_average|0|41,"{""k"": 2}",theta,0.0521535630784177,"k=2, theta=0.05215",True,13,13,0,30.0,1.9803921568627447,0.001454388364893,705,0.04406364749082,1.0,0.3774553571428571,0.1863839285714285,0.0881272949816401,margin
sensitivity_2,0.0416667,0.15,M,ewma,ewma|5|44,"{""alpha"": 0.7}",theta,0.0691384203433468,"alpha=0.7, theta=0.06914",True,14,14,0,30.0,2.0545454545454547,0.0016271869825041,846,0.0475196198430412,2.0,0.4388206845238095,0.1763392857142857,0.0950392396860825,margin
sensitivity_2,0.0416667,0.15,M,majority_vote,majority_vote|0|42,"{""k"": 3}",theta,0.0573241758988687,"k=3, theta=0.05732",True,11,11,0,30.0,2.803921568627451,0.0020591835265317,564,0.04406364749082,1.0,0.348046875,0.1540178571428571,0.0881272949816401,margin
sensitivity_2,0.0416667,0.15,M,debounce,debounce|0|45,"{""T"": 2}",theta,0.0758581800212435,"T=2, theta=0.07586",True,10,11,1,30.0,4.057692307692308,0.0030383756929944,564,0.0449276405788753,1.0,0.3259486607142857,0.1395089285714285,0.0898552811577507,margin
sensitivity_2,0.0416667,0.15,M,margin,margin|1|45,"{""m"": 0.1}",theta,0.0758581800212435,"m=0.1, theta=0.07586",True,4,4,0,30.0,2.2641509433962264,0.0017279861761105,564,0.0457916336669306,0.0,0.2854910714285714,0.1741071428571428,0.0898552811577507,margin
sensitivity_2,0.0416667,0.15,M,hysteresis,hysteresis|12|58,"{""T"": 2, ""m"": 0.3}",theta,0.2314752165009824,"m=0.3, T=2, theta=0.2315",True,38,51,13,30.0,9.125,0.0063071495428036,2256,0.0414716682266541,1.0,0.2821056547619047,0.1261160714285714,0.0829433364533083,margin
sensitivity_2,0.0416667,0.15,M,trust,trust|11|61,"{""r"": 0.5, ""tau"": 0.5}",theta,0.2890504973749961,"r=0.5, tau=0.5, theta=0.2891",True,19,36,17,30.0,11.9375,0.008251133990928,1692,0.0414716682266541,3.0,0.4561011904761903,0.3102678571428571,0.0812153502771977,margin
sensitivity_2,0.0416667,0.15,M,sprt,sprt|1|16,"{""alpha"": 0.01}",beta,1.217373177901226e-06,"alpha=0.01, beta=1.217e-06",True,74,74,0,30.0,21.78181818181818,0.017251061991504,300,0.0475196198430412,2.0,0.349032738095238,0.1428571428571428,0.0889912880696954,margin
sensitivity_2,0.0416667,0.15,M,hmm,hmm|4|0,"{""rho"": 0.1}",theta,0.0009110511944006,"rho=0.1, theta=0.0009111",False,0,0,0,30.0,1.579710144927536,0.0015695874433004,705,0.0596155230758153,1.0,0.3753162202380952,0.1841517857142857,0.1192310461516307,margin
