genuine_uuid,partition,condition,L_frames,n_sequences,attempts
00EABED2-271D-49D8-B599-1D4A09240601,val,X,3,4,4
00EABED2-271D-49D8-B599-1D4A09240601,val,X,10,4,4
00EABED2-271D-49D8-B599-1D4A09240601,val,X,30,4,4
00EABED2-271D-49D8-B599-1D4A09240601,val,X,60,4,4
00EABED2-271D-49D8-B599-1D4A09240601,val,M,3,4,4
00EABED2-271D-49D8-B599-1D4A09240601,val,M,10,4,4
00EABED2-271D-49D8-B599-1D4A09240601,val,M,30,4,4
00EABED2-271D-49D8-B599-1D4A09240601,val,M,60,4,4
00EABED2-271D-49D8-B599-1D4A09240601,test,X,3,4,4
00EABED2-271D-49D8-B599-1D4A09240601,test,X,10,4,4
00EABED2-271D-49D8-B599-1D4A09240601,test,X,30,4,4
00EABED2-271D-49D8-B599-1D4A09240601,test,X,60,4,4
00EABED2-271D-49D8-B599-1D4A09240601,test,M,3,4,4
00EABED2-271D-49D8-B599-1D4A09240601,test,M,10,4,4
00EABED2-271D-49D8-B599-1D4A09240601,test,M,30,4,4
00EABED2-271D-49D8-B599-1D4A09240601,test,M,60,4,4
098A72A5-E3E5-4F54-A152-BBDA0DF7B694,val,X,3,4,4
098A72A5-E3E5-4F54-A152-BBDA0DF7B694,val,X,10,4,4
098A72A5-E3E5-4F54-A152-BBDA0DF7B694,val,X,30,4,4
098A72A5-E3E5-4F54-A152-BBDA0DF7B694,val,X,60,4,4
098A72A5-E3E5-4F54-A152-BBDA0DF7B694,val,M,3,4,7
098A72A5-E3E5-4F54-A152-BBDA0DF7B694,val,M,10,4,4
098A72A5-E3E5-4F54-A152-BBDA0DF7B694,val,M,30,4,7
098A72A5-E3E5-4F54-A152-BBDA0DF7B694,val,M,60,4,7
098A72A5-E3E5-4F54-A152-BBDA0DF7B694,test,X,3,4,4
098A72A5-E3E5-4F54-A152-BBDA0DF7B694,test,X,10,4,4
098A72A5-E3E5-4F54-A152-BBDA0DF7B694,test,X,30,4,4
098A72A5-E3E5-4F54-A152-BBDA0DF7B694,test,X,60,4,4
098A72A5-E3E5-4F54-A152-BBDA0DF7B694,test,M,3,4,4
098A72A5-E3E5-4F54-A152-BBDA0DF7B694,test,M,10,4,4
098A72A5-E3E5-4F54-A152-BBDA0DF7B694,test,M,30,4,4
098A72A5-E3E5-4F54-A152-BBDA0DF7B694,test,M,60,4,4
0A986513-7828-4D53-AA1F-E02D6DF9561B,val,X,3,4,4
0A986513-7828-4D53-AA1F-E02D6DF9561B,val,X,10,4,4
0A986513-7828-4D53-AA1F-E02D6DF9561B,val,X,30,4,4
0A986513-7828-4D53-AA1F-E02D6DF9561B,val,X,60,4,4
0A986513-7828-4D53-AA1F-E02D6DF9561B,val,M,3,4,5
0A986513-7828-4D53-AA1F-E02D6DF9561B,val,M,10,4,4
0A986513-7828-4D53-AA1F-E02D6DF9561B,val,M,30,4,4
0A986513-7828-4D53-AA1F-E02D6DF9561B,val,M,60,4,4
0A986513-7828-4D53-AA1F-E02D6DF9561B,test,X,3,4,4
0A986513-7828-4D53-AA1F-E02D6DF9561B,test,X,10,4,4
0A986513-7828-4D53-AA1F-E02D6DF9561B,test,X,30,4,4
0A986513-7828-4D53-AA1F-E02D6DF9561B,test,X,60,4,4
0A986513-7828-4D53-AA1F-E02D6DF9561B,test,M,3,4,4
0A986513-7828-4D53-AA1F-E02D6DF9561B,test,M,10,4,4
0A986513-7828-4D53-AA1F-E02D6DF9561B,test,M,30,4,4
0A986513-7828-4D53-AA1F-E02D6DF9561B,test,M,60,4,4
11B5EC4D-4133-4289-B475-4E737182A406,val,X,3,4,4
11B5EC4D-4133-4289-B475-4E737182A406,val,X,10,4,4
11B5EC4D-4133-4289-B475-4E737182A406,val,X,30,4,4
11B5EC4D-4133-4289-B475-4E737182A406,val,X,60,4,4
11B5EC4D-4133-4289-B475-4E737182A406,val,M,3,4,4
11B5EC4D-4133-4289-B475-4E737182A406,val,M,10,4,6
11B5EC4D-4133-4289-B475-4E737182A406,val,M,30,4,4
11B5EC4D-4133-4289-B475-4E737182A406,val,M,60,4,4
11B5EC4D-4133-4289-B475-4E737182A406,test,X,3,4,4
11B5EC4D-4133-4289-B475-4E737182A406,test,X,10,4,4
11B5EC4D-4133-4289-B475-4E737182A406,test,X,30,4,4
11B5EC4D-4133-4289-B475-4E737182A406,test,X,60,4,4
11B5EC4D-4133-4289-B475-4E737182A406,test,M,3,4,4
11B5EC4D-4133-4289-B475-4E737182A406,test,M,10,4,4
11B5EC4D-4133-4289-B475-4E737182A406,test,M,30,4,4
11B5EC4D-4133-4289-B475-4E737182A406,test,M,60,4,4
136562B6-95B2-483D-88DC-065F28409FD2,val,X,3,4,4
136562B6-95B2-483D-88DC-065F28409FD2,val,X,10,4,4
136562B6-95B2-483D-88DC-065F28409FD2,val,X,30,4,4
136562B6-95B2-483D-88DC-065F28409FD2,val,X,60,4,4
136562B6-95B2-483D-88DC-065F28409FD2,val,M,3,4,4
136562B6-95B2-483D-88DC-065F28409FD2,val,M,10,4,4
136562B6-95B2-483D-88DC-065F28409FD2,val,M,30,4,4
136562B6-95B2-483D-88DC-065F28409FD2,val,M,60,4,4
136562B6-95B2-483D-88DC-065F28409FD2,test,X,3,4,4
136562B6-95B2-483D-88DC-065F28409FD2,test,X,10,4,4
136562B6-95B2-483D-88DC-065F28409FD2,test,X,30,4,4
136562B6-95B2-483D-88DC-065F28409FD2,test,X,60,4,4
136562B6-95B2-483D-88DC-065F28409FD2,test,M,3,4,4
136562B6-95B2-483D-88DC-065F28409FD2,test,M,10,4,4
136562B6-95B2-483D-88DC-065F28409FD2,test,M,30,4,4
136562B6-95B2-483D-88DC-065F28409FD2,test,M,60,4,4
1538C99F-BA1E-4EFB-A949-6C7C47701B20,val,X,3,4,4
1538C99F-BA1E-4EFB-A949-6C7C47701B20,val,X,10,4,4
1538C99F-BA1E-4EFB-A949-6C7C47701B20,val,X,30,4,4
1538C99F-BA1E-4EFB-A949-6C7C47701B20,val,X,60,4,4
1538C99F-BA1E-4EFB-A949-6C7C47701B20,val,M,3,4,4
1538C99F-BA1E-4EFB-A949-6C7C47701B20,val,M,10,4,4
1538C99F-BA1E-4EFB-A949-6C7C47701B20,val,M,30,4,4
1538C99F-BA1E-4EFB-A949-6C7C47701B20,val,M,60,4,4
1538C99F-BA1E-4EFB-A949-6C7C47701B20,test,X,3,4,4
1538C99F-BA1E-4EFB-A949-6C7C47701B20,test,X,10,4,4
1538C99F-BA1E-4EFB-A949-6C7C47701B20,test,X,30,4,4
1538C99F-BA1E-4EFB-A949-6C7C47701B20,test,X,60,4,4
1538C99F-BA1E-4EFB-A949-6C7C47701B20,test,M,3,4,4
1538C99F-BA1E-4EFB-A949-6C7C47701B20,test,M,10,4,4
1538C99F-BA1E-4EFB-A949-6C7C47701B20,test,M,30,4,4
1538C99F-BA1E-4EFB-A949-6C7C47701B20,test,M,60,4,4
24E40C4C-A349-4F9F-93AB-01D00FB994AF,val,X,3,4,4
24E40C4C-A349-4F9F-93AB-01D00FB994AF,val,X,10,4,4
24E40C4C-A349-4F9F-93AB-01D00FB994AF,val,X,30,4,4
24E40C4C-A349-4F9F-93AB-01D00FB994AF,val,X,60,4,4
24E40C4C-A349-4F9F-93AB-01D00FB994AF,val,M,3,4,5
24E40C4C-A349-4F9F-93AB-01D00FB994AF,val,M,10,4,4
24E40C4C-A349-4F9F-93AB-01D00FB994AF,val,M,30,4,4
24E40C4C-A349-4F9F-93AB-01D00FB994AF,val,M,60,4,5
24E40C4C-A349-4F9F-93AB-01D00FB994AF,test,X,3,4,4
24E40C4C-A349-4F9F-93AB-01D00FB994AF,test,X,10,4,4
24E40C4C-A349-4F9F-93AB-01D00FB994AF,test,X,30,4,4
24E40C4C-A349-4F9F-93AB-01D00FB994AF,test,X,60,4,4
24E40C4C-A349-4F9F-93AB-01D00FB994AF,test,M,3,4,9
24E40C4C-A349-4F9F-93AB-01D00FB994AF,test,M,10,4,9
24E40C4C-A349-4F9F-93AB-01D00FB994AF,test,M,30,4,8
24E40C4C-A349-4F9F-93AB-01D00FB994AF,test,M,60,4,14
2C32C23E-E30C-498A-8DD2-0EFB9150A02E,val,X,3,4,4
2C32C23E-E30C-498A-8DD2-0EFB9150A02E,val,X,10,4,4
2C32C23E-E30C-498A-8DD2-0EFB9150A02E,val,X,30,4,4
2C32C23E-E30C-498A-8DD2-0EFB9150A02E,val,X,60,4,4
2C32C23E-E30C-498A-8DD2-0EFB9150A02E,val,M,3,4,4
2C32C23E-E30C-498A-8DD2-0EFB9150A02E,val,M,10,4,4
2C32C23E-E30C-498A-8DD2-0EFB9150A02E,val,M,30,4,4
2C32C23E-E30C-498A-8DD2-0EFB9150A02E,val,M,60,4,4
2C32C23E-E30C-498A-8DD2-0EFB9150A02E,test,X,3,4,4
2C32C23E-E30C-498A-8DD2-0EFB9150A02E,test,X,10,4,4
2C32C23E-E30C-498A-8DD2-0EFB9150A02E,test,X,30,4,4
2C32C23E-E30C-498A-8DD2-0EFB9150A02E,test,X,60,4,4
2C32C23E-E30C-498A-8DD2-0EFB9150A02E,test,M,3,4,4
2C32C23E-E30C-498A-8DD2-0EFB9150A02E,test,M,10,4,4
2C32C23E-E30C-498A-8DD2-0EFB9150A02E,test,M,30,4,4
2C32C23E-E30C-498A-8DD2-0EFB9150A02E,test,M,60,4,4
3600D531-0C55-44A7-AE95-A7A38519464E,val,X,3,4,4
3600D531-0C55-44A7-AE95-A7A38519464E,val,X,10,4,4
3600D531-0C55-44A7-AE95-A7A38519464E,val,X,30,4,4
3600D531-0C55-44A7-AE95-A7A38519464E,val,X,60,4,4
3600D531-0C55-44A7-AE95-A7A38519464E,val,M,3,4,4
3600D531-0C55-44A7-AE95-A7A38519464E,val,M,10,4,4
3600D531-0C55-44A7-AE95-A7A38519464E,val,M,30,4,4
3600D531-0C55-44A7-AE95-A7A38519464E,val,M,60,4,4
3600D531-0C55-44A7-AE95-A7A38519464E,test,X,3,4,4
3600D531-0C55-44A7-AE95-A7A38519464E,test,X,10,4,4
3600D531-0C55-44A7-AE95-A7A38519464E,test,X,30,4,4
3600D531-0C55-44A7-AE95-A7A38519464E,test,X,60,4,4
3600D531-0C55-44A7-AE95-A7A38519464E,test,M,3,4,4
3600D531-0C55-44A7-AE95-A7A38519464E,test,M,10,4,4
3600D531-0C55-44A7-AE95-A7A38519464E,test,M,30,4,4
3600D531-0C55-44A7-AE95-A7A38519464E,test,M,60,4,4
4FC32141-E888-4BFF-8804-12559A491D8C,val,X,3,4,4
4FC32141-E888-4BFF-8804-12559A491D8C,val,X,10,4,4
4FC32141-E888-4BFF-8804-12559A491D8C,val,X,30,4,4
4FC32141-E888-4BFF-8804-12559A491D8C,val,X,60,4,4
4FC32141-E888-4BFF-8804-12559A491D8C,val,M,3,4,4
4FC32141-E888-4BFF-8804-12559A491D8C,val,M,10,4,4
4FC32141-E888-4BFF-8804-12559A491D8C,val,M,30,4,4
4FC32141-E888-4BFF-8804-12559A491D8C,val,M,60,4,4
4FC32141-E888-4BFF-8804-12559A491D8C,test,X,3,4,4
4FC32141-E888-4BFF-8804-12559A491D8C,test,X,10,4,4
4FC32141-E888-4BFF-8804-12559A491D8C,test,X,30,4,4
4FC32141-E888-4BFF-8804-12559A491D8C,test,X,60,4,4
4FC32141-E888-4BFF-8804-12559A491D8C,test,M,3,4,5
4FC32141-E888-4BFF-8804-12559A491D8C,test,M,10,4,6
4FC32141-E888-4BFF-8804-12559A491D8C,test,M,30,4,5
4FC32141-E888-4BFF-8804-12559A491D8C,test,M,60,4,5
5119D0F8-FCA8-4184-A4EB-19421A40DE0D,val,X,3,4,4
5119D0F8-FCA8-4184-A4EB-19421A40DE0D,val,X,10,4,4
5119D0F8-FCA8-4184-A4EB-19421A40DE0D,val,X,30,4,4
5119D0F8-FCA8-4184-A4EB-19421A40DE0D,val,X,60,4,4
5119D0F8-FCA8-4184-A4EB-19421A40DE0D,val,M,3,4,4
5119D0F8-FCA8-4184-A4EB-19421A40DE0D,val,M,10,4,4
5119D0F8-FCA8-4184-A4EB-19421A40DE0D,val,M,30,4,4
5119D0F8-FCA8-4184-A4EB-19421A40DE0D,val,M,60,4,4
5119D0F8-FCA8-4184-A4EB-19421A40DE0D,test,X,3,4,4
5119D0F8-FCA8-4184-A4EB-19421A40DE0D,test,X,10,4,4
5119D0F8-FCA8-4184-A4EB-19421A40DE0D,test,X,30,4,4
5119D0F8-FCA8-4184-A4EB-19421A40DE0D,test,X,60,4,4
5119D0F8-FCA8-4184-A4EB-19421A40DE0D,test,M,3,4,5
5119D0F8-FCA8-4184-A4EB-19421A40DE0D,test,M,10,4,4
5119D0F8-FCA8-4184-A4EB-19421A40DE0D,test,M,30,4,4
5119D0F8-FCA8-4184-A4EB-19421A40DE0D,test,M,60,4,4
5152A2DF-FAF3-4BA8-9CA9-E66B32671A53,val,X,3,4,4
5152A2DF-FAF3-4BA8-9CA9-E66B32671A53,val,X,10,4,4
5152A2DF-FAF3-4BA8-9CA9-E66B32671A53,val,X,30,4,4
5152A2DF-FAF3-4BA8-9CA9-E66B32671A53,val,X,60,4,4
5152A2DF-FAF3-4BA8-9CA9-E66B32671A53,val,M,3,4,4
5152A2DF-FAF3-4BA8-9CA9-E66B32671A53,val,M,10,4,4
5152A2DF-FAF3-4BA8-9CA9-E66B32671A53,val,M,30,4,4
5152A2DF-FAF3-4BA8-9CA9-E66B32671A53,val,M,60,4,4
5152A2DF-FAF3-4BA8-9CA9-E66B32671A53,test,X,3,4,4
5152A2DF-FAF3-4BA8-9CA9-E66B32671A53,test,X,10,4,4
5152A2DF-FAF3-4BA8-9CA9-E66B32671A53,test,X,30,4,4
5152A2DF-FAF3-4BA8-9CA9-E66B32671A53,test,X,60,4,4
5152A2DF-FAF3-4BA8-9CA9-E66B32671A53,test,M,3,4,4
5152A2DF-FAF3-4BA8-9CA9-E66B32671A53,test,M,10,4,5
5152A2DF-FAF3-4BA8-9CA9-E66B32671A53,test,M,30,4,5
5152A2DF-FAF3-4BA8-9CA9-E66B32671A53,test,M,60,4,4
5EF64122-B513-46AE-BCF1-E62AAC285D2C,val,X,3,4,4
5EF64122-B513-46AE-BCF1-E62AAC285D2C,val,X,10,4,4
5EF64122-B513-46AE-BCF1-E62AAC285D2C,val,X,30,4,4
5EF64122-B513-46AE-BCF1-E62AAC285D2C,val,X,60,4,4
5EF64122-B513-46AE-BCF1-E62AAC285D2C,val,M,3,4,4
5EF64122-B513-46AE-BCF1-E62AAC285D2C,val,M,10,4,4
5EF64122-B513-46AE-BCF1-E62AAC285D2C,val,M,30,4,4
5EF64122-B513-46AE-BCF1-E62AAC285D2C,val,M,60,4,4
5EF64122-B513-46AE-BCF1-E62AAC285D2C,test,X,3,4,4
5EF64122-B513-46AE-BCF1-E62AAC285D2C,test,X,10,4,4
5EF64122-B513-46AE-BCF1-E62AAC285D2C,test,X,30,4,4
5EF64122-B513-46AE-BCF1-E62AAC285D2C,test,X,60,4,4
5EF64122-B513-46AE-BCF1-E62AAC285D2C,test,M,3,4,5
5EF64122-B513-46AE-BCF1-E62AAC285D2C,test,M,10,4,4
5EF64122-B513-46AE-BCF1-E62AAC285D2C,test,M,30,4,4
5EF64122-B513-46AE-BCF1-E62AAC285D2C,test,M,60,4,4
61976C24-1C50-4355-9C49-AAE44A7D09F6,val,X,3,4,4
61976C24-1C50-4355-9C49-AAE44A7D09F6,val,X,10,4,4
61976C24-1C50-4355-9C49-AAE44A7D09F6,val,X,30,4,4
61976C24-1C50-4355-9C49-AAE44A7D09F6,val,X,60,4,4
61976C24-1C50-4355-9C49-AAE44A7D09F6,val,M,3,4,7
61976C24-1C50-4355-9C49-AAE44A7D09F6,val,M,10,4,7
61976C24-1C50-4355-9C49-AAE44A7D09F6,val,M,30,4,14
61976C24-1C50-4355-9C49-AAE44A7D09F6,val,M,60,4,11
61976C24-1C50-4355-9C49-AAE44A7D09F6,test,X,3,4,4
61976C24-1C50-4355-9C49-AAE44A7D09F6,test,X,10,4,4
61976C24-1C50-4355-9C49-AAE44A7D09F6,test,X,30,4,4
61976C24-1C50-4355-9C49-AAE44A7D09F6,test,X,60,4,4
61976C24-1C50-4355-9C49-AAE44A7D09F6,test,M,3,4,5
61976C24-1C50-4355-9C49-AAE44A7D09F6,test,M,10,4,5
61976C24-1C50-4355-9C49-AAE44A7D09F6,test,M,30,4,4
61976C24-1C50-4355-9C49-AAE44A7D09F6,test,M,60,4,5
78A91A4E-4A51-4065-BDA7-94755F0BB3BB,val,X,3,4,4
78A91A4E-4A51-4065-BDA7-94755F0BB3BB,val,X,10,4,4
78A91A4E-4A51-4065-BDA7-94755F0BB3BB,val,X,30,4,4
78A91A4E-4A51-4065-BDA7-94755F0BB3BB,val,X,60,4,4
78A91A4E-4A51-4065-BDA7-94755F0BB3BB,val,M,3,4,4
78A91A4E-4A51-4065-BDA7-94755F0BB3BB,val,M,10,4,4
78A91A4E-4A51-4065-BDA7-94755F0BB3BB,val,M,30,4,4
78A91A4E-4A51-4065-BDA7-94755F0BB3BB,val,M,60,4,4
78A91A4E-4A51-4065-BDA7-94755F0BB3BB,test,X,3,4,4
78A91A4E-4A51-4065-BDA7-94755F0BB3BB,test,X,10,4,4
78A91A4E-4A51-4065-BDA7-94755F0BB3BB,test,X,30,4,4
78A91A4E-4A51-4065-BDA7-94755F0BB3BB,test,X,60,4,4
78A91A4E-4A51-4065-BDA7-94755F0BB3BB,test,M,3,4,4
78A91A4E-4A51-4065-BDA7-94755F0BB3BB,test,M,10,4,4
78A91A4E-4A51-4065-BDA7-94755F0BB3BB,test,M,30,4,4
78A91A4E-4A51-4065-BDA7-94755F0BB3BB,test,M,60,4,4
7CE37510-56D0-4120-A1CF-0E23351428D2,val,X,3,4,4
7CE37510-56D0-4120-A1CF-0E23351428D2,val,X,10,4,4
7CE37510-56D0-4120-A1CF-0E23351428D2,val,X,30,4,4
7CE37510-56D0-4120-A1CF-0E23351428D2,val,X,60,4,4
7CE37510-56D0-4120-A1CF-0E23351428D2,val,M,3,4,4
7CE37510-56D0-4120-A1CF-0E23351428D2,val,M,10,4,4
7CE37510-56D0-4120-A1CF-0E23351428D2,val,M,30,4,4
7CE37510-56D0-4120-A1CF-0E23351428D2,val,M,60,4,4
7CE37510-56D0-4120-A1CF-0E23351428D2,test,X,3,4,4
7CE37510-56D0-4120-A1CF-0E23351428D2,test,X,10,4,4
7CE37510-56D0-4120-A1CF-0E23351428D2,test,X,30,4,4
7CE37510-56D0-4120-A1CF-0E23351428D2,test,X,60,4,4
7CE37510-56D0-4120-A1CF-0E23351428D2,test,M,3,4,4
7CE37510-56D0-4120-A1CF-0E23351428D2,test,M,10,4,4
7CE37510-56D0-4120-A1CF-0E23351428D2,test,M,30,4,4
7CE37510-56D0-4120-A1CF-0E23351428D2,test,M,60,4,4
8023FE1A-D3B0-4E2C-A57A-9321B7FC755F,val,X,3,4,4
8023FE1A-D3B0-4E2C-A57A-9321B7FC755F,val,X,10,4,4
8023FE1A-D3B0-4E2C-A57A-9321B7FC755F,val,X,30,4,4
8023FE1A-D3B0-4E2C-A57A-9321B7FC755F,val,X,60,4,4
8023FE1A-D3B0-4E2C-A57A-9321B7FC755F,val,M,3,4,4
8023FE1A-D3B0-4E2C-A57A-9321B7FC755F,val,M,10,4,5
8023FE1A-D3B0-4E2C-A57A-9321B7FC755F,val,M,30,4,4
8023FE1A-D3B0-4E2C-A57A-9321B7FC755F,val,M,60,4,5
8023FE1A-D3B0-4E2C-A57A-9321B7FC755F,test,X,3,4,4
8023FE1A-D3B0-4E2C-A57A-9321B7FC755F,test,X,10,4,4
8023FE1A-D3B0-4E2C-A57A-9321B7FC755F,test,X,30,4,4
8023FE1A-D3B0-4E2C-A57A-9321B7FC755F,test,X,60,4,4
8023FE1A-D3B0-4E2C-A57A-9321B7FC755F,test,M,3,4,4
8023FE1A-D3B0-4E2C-A57A-9321B7FC755F,test,M,10,4,4
8023FE1A-D3B0-4E2C-A57A-9321B7FC755F,test,M,30,4,4
8023FE1A-D3B0-4E2C-A57A-9321B7FC755F,test,M,60,4,4
83CF687B-7CEC-434B-9FE8-00C3D5799BE6,val,X,3,4,4
83CF687B-7CEC-434B-9FE8-00C3D5799BE6,val,X,10,4,4
83CF687B-7CEC-434B-9FE8-00C3D5799BE6,val,X,30,4,4
83CF687B-7CEC-434B-9FE8-00C3D5799BE6,val,X,60,4,4
83CF687B-7CEC-434B-9FE8-00C3D5799BE6,val,M,3,4,4
83CF687B-7CEC-434B-9FE8-00C3D5799BE6,val,M,10,4,4
83CF687B-7CEC-434B-9FE8-00C3D5799BE6,val,M,30,4,4
83CF687B-7CEC-434B-9FE8-00C3D5799BE6,val,M,60,4,4
83CF687B-7CEC-434B-9FE8-00C3D5799BE6,test,X,3,4,4
83CF687B-7CEC-434B-9FE8-00C3D5799BE6,test,X,10,4,4
83CF687B-7CEC-434B-9FE8-00C3D5799BE6,test,X,30,4,4
83CF687B-7CEC-434B-9FE8-00C3D5799BE6,test,X,60,4,4
83CF687B-7CEC-434B-9FE8-00C3D5799BE6,test,M,3,4,4
83CF687B-7CEC-434B-9FE8-00C3D5799BE6,test,M,10,4,4
83CF687B-7CEC-434B-9FE8-00C3D5799BE6,test,M,30,4,4
83CF687B-7CEC-434B-9FE8-00C3D5799BE6,test,M,60,4,4
9759096F-1119-4E19-A0AD-6F16989C7E1C,val,X,3,4,4
9759096F-1119-4E19-A0AD-6F16989C7E1C,val,X,10,4,4
9759096F-1119-4E19-A0AD-6F16989C7E1C,val,X,30,4,4
9759096F-1119-4E19-A0AD-6F16989C7E1C,val,X,60,4,4
9759096F-1119-4E19-A0AD-6F16989C7E1C,val,M,3,4,5
9759096F-1119-4E19-A0AD-6F16989C7E1C,val,M,10,4,7
9759096F-1119-4E19-A0AD-6F16989C7E1C,val,M,30,4,4
9759096F-1119-4E19-A0AD-6F16989C7E1C,val,M,60,4,5
9759096F-1119-4E19-A0AD-6F16989C7E1C,test,X,3,4,4
9759096F-1119-4E19-A0AD-6F16989C7E1C,test,X,10,4,4
9759096F-1119-4E19-A0AD-6F16989C7E1C,test,X,30,4,4
9759096F-1119-4E19-A0AD-6F16989C7E1C,test,X,60,4,4
9759096F-1119-4E19-A0AD-6F16989C7E1C,test,M,3,4,4
9759096F-1119-4E19-A0AD-6F16989C7E1C,test,M,10,4,4
9759096F-1119-4E19-A0AD-6F16989C7E1C,test,M,30,4,6
9759096F-1119-4E19-A0AD-6F16989C7E1C,test,M,60,4,4
9DC38D04-E82E-4F29-AB52-B476535226F2,val,X,3,4,4
9DC38D04-E82E-4F29-AB52-B476535226F2,val,X,10,4,4
9DC38D04-E82E-4F29-AB52-B476535226F2,val,X,30,4,4
9DC38D04-E82E-4F29-AB52-B476535226F2,val,X,60,4,4
9DC38D04-E82E-4F29-AB52-B476535226F2,val,M,3,4,4
9DC38D04-E82E-4F29-AB52-B476535226F2,val,M,10,4,4
9DC38D04-E82E-4F29-AB52-B476535226F2,val,M,30,4,4
9DC38D04-E82E-4F29-AB52-B476535226F2,val,M,60,4,4
9DC38D04-E82E-4F29-AB52-B476535226F2,test,X,3,4,4
9DC38D04-E82E-4F29-AB52-B476535226F2,test,X,10,4,4
9DC38D04-E82E-4F29-AB52-B476535226F2,test,X,30,4,4
9DC38D04-E82E-4F29-AB52-B476535226F2,test,X,60,4,4
9DC38D04-E82E-4F29-AB52-B476535226F2,test,M,3,4,4
9DC38D04-E82E-4F29-AB52-B476535226F2,test,M,10,4,4
9DC38D04-E82E-4F29-AB52-B476535226F2,test,M,30,4,4
9DC38D04-E82E-4F29-AB52-B476535226F2,test,M,60,4,4
A5CDF89D-02A2-4EC1-89F8-F534FDABDD96,val,X,3,4,4
A5CDF89D-02A2-4EC1-89F8-F534FDABDD96,val,X,10,4,4
A5CDF89D-02A2-4EC1-89F8-F534FDABDD96,val,X,30,4,4
A5CDF89D-02A2-4EC1-89F8-F534FDABDD96,val,X,60,4,4
A5CDF89D-02A2-4EC1-89F8-F534FDABDD96,val,M,3,4,4
A5CDF89D-02A2-4EC1-89F8-F534FDABDD96,val,M,10,4,4
A5CDF89D-02A2-4EC1-89F8-F534FDABDD96,val,M,30,4,4
A5CDF89D-02A2-4EC1-89F8-F534FDABDD96,val,M,60,4,4
A5CDF89D-02A2-4EC1-89F8-F534FDABDD96,test,X,3,4,4
A5CDF89D-02A2-4EC1-89F8-F534FDABDD96,test,X,10,4,4
A5CDF89D-02A2-4EC1-89F8-F534FDABDD96,test,X,30,4,4
A5CDF89D-02A2-4EC1-89F8-F534FDABDD96,test,X,60,4,4
A5CDF89D-02A2-4EC1-89F8-F534FDABDD96,test,M,3,4,5
A5CDF89D-02A2-4EC1-89F8-F534FDABDD96,test,M,10,4,6
A5CDF89D-02A2-4EC1-89F8-F534FDABDD96,test,M,30,4,4
A5CDF89D-02A2-4EC1-89F8-F534FDABDD96,test,M,60,4,5
A76A5AF5-5A93-4CF2-A16E-62353BB70E8A,val,X,3,4,4
A76A5AF5-5A93-4CF2-A16E-62353BB70E8A,val,X,10,4,4
A76A5AF5-5A93-4CF2-A16E-62353BB70E8A,val,X,30,4,4
A76A5AF5-5A93-4CF2-A16E-62353BB70E8A,val,X,60,4,4
A76A5AF5-5A93-4CF2-A16E-62353BB70E8A,val,M,3,4,4
A76A5AF5-5A93-4CF2-A16E-62353BB70E8A,val,M,10,4,4
A76A5AF5-5A93-4CF2-A16E-62353BB70E8A,val,M,30,4,4
A76A5AF5-5A93-4CF2-A16E-62353BB70E8A,val,M,60,4,4
A76A5AF5-5A93-4CF2-A16E-62353BB70E8A,test,X,3,4,4
A76A5AF5-5A93-4CF2-A16E-62353BB70E8A,test,X,10,4,4
A76A5AF5-5A93-4CF2-A16E-62353BB70E8A,test,X,30,4,4
A76A5AF5-5A93-4CF2-A16E-62353BB70E8A,test,X,60,4,4
A76A5AF5-5A93-4CF2-A16E-62353BB70E8A,test,M,3,4,4
A76A5AF5-5A93-4CF2-A16E-62353BB70E8A,test,M,10,4,4
A76A5AF5-5A93-4CF2-A16E-62353BB70E8A,test,M,30,4,4
A76A5AF5-5A93-4CF2-A16E-62353BB70E8A,test,M,60,4,4
B09E373F-8A54-44C8-895B-0039390B859F,val,X,3,4,4
B09E373F-8A54-44C8-895B-0039390B859F,val,X,10,4,4
B09E373F-8A54-44C8-895B-0039390B859F,val,X,30,4,4
B09E373F-8A54-44C8-895B-0039390B859F,val,X,60,4,4
B09E373F-8A54-44C8-895B-0039390B859F,val,M,3,4,6
B09E373F-8A54-44C8-895B-0039390B859F,val,M,10,4,5
B09E373F-8A54-44C8-895B-0039390B859F,val,M,30,4,5
B09E373F-8A54-44C8-895B-0039390B859F,val,M,60,4,4
B09E373F-8A54-44C8-895B-0039390B859F,test,X,3,4,4
B09E373F-8A54-44C8-895B-0039390B859F,test,X,10,4,4
B09E373F-8A54-44C8-895B-0039390B859F,test,X,30,4,4
B09E373F-8A54-44C8-895B-0039390B859F,test,X,60,4,4
B09E373F-8A54-44C8-895B-0039390B859F,test,M,3,4,5
B09E373F-8A54-44C8-895B-0039390B859F,test,M,10,4,4
B09E373F-8A54-44C8-895B-0039390B859F,test,M,30,4,4
B09E373F-8A54-44C8-895B-0039390B859F,test,M,60,4,5
B9724848-C7E2-45F4-9B3F-A1F38D864495,val,X,3,4,4
B9724848-C7E2-45F4-9B3F-A1F38D864495,val,X,10,4,4
B9724848-C7E2-45F4-9B3F-A1F38D864495,val,X,30,4,4
B9724848-C7E2-45F4-9B3F-A1F38D864495,val,X,60,4,4
B9724848-C7E2-45F4-9B3F-A1F38D864495,val,M,3,4,4
B9724848-C7E2-45F4-9B3F-A1F38D864495,val,M,10,4,4
B9724848-C7E2-45F4-9B3F-A1F38D864495,val,M,30,4,4
B9724848-C7E2-45F4-9B3F-A1F38D864495,val,M,60,4,4
B9724848-C7E2-45F4-9B3F-A1F38D864495,test,X,3,4,4
B9724848-C7E2-45F4-9B3F-A1F38D864495,test,X,10,4,4
B9724848-C7E2-45F4-9B3F-A1F38D864495,test,X,30,4,4
B9724848-C7E2-45F4-9B3F-A1F38D864495,test,X,60,4,4
B9724848-C7E2-45F4-9B3F-A1F38D864495,test,M,3,4,5
B9724848-C7E2-45F4-9B3F-A1F38D864495,test,M,10,4,7
B9724848-C7E2-45F4-9B3F-A1F38D864495,test,M,30,4,5
B9724848-C7E2-45F4-9B3F-A1F38D864495,test,M,60,4,8
BE3CA5A6-A561-4BBD-B7C9-5DF6805400FC,val,X,3,4,4
BE3CA5A6-A561-4BBD-B7C9-5DF6805400FC,val,X,10,4,4
BE3CA5A6-A561-4BBD-B7C9-5DF6805400FC,val,X,30,4,4
BE3CA5A6-A561-4BBD-B7C9-5DF6805400FC,val,X,60,4,4
BE3CA5A6-A561-4BBD-B7C9-5DF6805400FC,val,M,3,4,5
BE3CA5A6-A561-4BBD-B7C9-5DF6805400FC,val,M,10,4,6
BE3CA5A6-A561-4BBD-B7C9-5DF6805400FC,val,M,30,4,5
BE3CA5A6-A561-4BBD-B7C9-5DF6805400FC,val,M,60,4,5
BE3CA5A6-A561-4BBD-B7C9-5DF6805400FC,test,X,3,4,4
BE3CA5A6-A561-4BBD-B7C9-5DF6805400FC,test,X,10,4,4
BE3CA5A6-A561-4BBD-B7C9-5DF6805400FC,test,X,30,4,4
BE3CA5A6-A561-4BBD-B7C9-5DF6805400FC,test,X,60,4,4
BE3CA5A6-A561-4BBD-B7C9-5DF6805400FC,test,M,3,4,4
BE3CA5A6-A561-4BBD-B7C9-5DF6805400FC,test,M,10,4,4
BE3CA5A6-A561-4BBD-B7C9-5DF6805400FC,test,M,30,4,5
BE3CA5A6-A561-4BBD-B7C9-5DF6805400FC,test,M,60,4,6
C48CE857-A0DD-4DDB-BEA5-3A25449B2153,val,X,3,4,4
C48CE857-A0DD-4DDB-BEA5-3A25449B2153,val,X,10,4,4
C48CE857-A0DD-4DDB-BEA5-3A25449B2153,val,X,30,4,4
C48CE857-A0DD-4DDB-BEA5-3A25449B2153,val,X,60,4,4
C48CE857-A0DD-4DDB-BEA5-3A25449B2153,val,M,3,4,4
C48CE857-A0DD-4DDB-BEA5-3A25449B2153,val,M,10,4,4
C48CE857-A0DD-4DDB-BEA5-3A25449B2153,val,M,30,4,4
C48CE857-A0DD-4DDB-BEA5-3A25449B2153,val,M,60,4,6
C48CE857-A0DD-4DDB-BEA5-3A25449B2153,test,X,3,4,4
C48CE857-A0DD-4DDB-BEA5-3A25449B2153,test,X,10,4,4
C48CE857-A0DD-4DDB-BEA5-3A25449B2153,test,X,30,4,4
C48CE857-A0DD-4DDB-BEA5-3A25449B2153,test,X,60,4,4
C48CE857-A0DD-4DDB-BEA5-3A25449B2153,test,M,3,4,4
C48CE857-A0DD-4DDB-BEA5-3A25449B2153,test,M,10,4,4
C48CE857-A0DD-4DDB-BEA5-3A25449B2153,test,M,30,4,4
C48CE857-A0DD-4DDB-BEA5-3A25449B2153,test,M,60,4,4
CA820D43-E5E2-42EF-9798-BE56F776370B,val,X,3,4,4
CA820D43-E5E2-42EF-9798-BE56F776370B,val,X,10,4,4
CA820D43-E5E2-42EF-9798-BE56F776370B,val,X,30,4,4
CA820D43-E5E2-42EF-9798-BE56F776370B,val,X,60,4,4
CA820D43-E5E2-42EF-9798-BE56F776370B,val,M,3,4,4
CA820D43-E5E2-42EF-9798-BE56F776370B,val,M,10,4,4
CA820D43-E5E2-42EF-9798-BE56F776370B,val,M,30,4,4
CA820D43-E5E2-42EF-9798-BE56F776370B,val,M,60,4,4
CA820D43-E5E2-42EF-9798-BE56F776370B,test,X,3,4,4
CA820D43-E5E2-42EF-9798-BE56F776370B,test,X,10,4,4
CA820D43-E5E2-42EF-9798-BE56F776370B,test,X,30,4,4
CA820D43-E5E2-42EF-9798-BE56F776370B,test,X,60,4,4
CA820D43-E5E2-42EF-9798-BE56F776370B,test,M,3,4,4
CA820D43-E5E2-42EF-9798-BE56F776370B,test,M,10,4,4
CA820D43-E5E2-42EF-9798-BE56F776370B,test,M,30,4,4
CA820D43-E5E2-42EF-9798-BE56F776370B,test,M,60,4,5
CDA3BBF7-6631-45E8-85BA-EEB416B32A3C,val,X,3,4,4
CDA3BBF7-6631-45E8-85BA-EEB416B32A3C,val,X,10,4,4
CDA3BBF7-6631-45E8-85BA-EEB416B32A3C,val,X,30,4,4
CDA3BBF7-6631-45E8-85BA-EEB416B32A3C,val,X,60,4,4
CDA3BBF7-6631-45E8-85BA-EEB416B32A3C,val,M,3,4,4
CDA3BBF7-6631-45E8-85BA-EEB416B32A3C,val,M,10,4,4
CDA3BBF7-6631-45E8-85BA-EEB416B32A3C,val,M,30,4,4
CDA3BBF7-6631-45E8-85BA-EEB416B32A3C,val,M,60,4,5
CDA3BBF7-6631-45E8-85BA-EEB416B32A3C,test,X,3,4,4
CDA3BBF7-6631-45E8-85BA-EEB416B32A3C,test,X,10,4,4
CDA3BBF7-6631-45E8-85BA-EEB416B32A3C,test,X,30,4,4
CDA3BBF7-6631-45E8-85BA-EEB416B32A3C,test,X,60,4,4
CDA3BBF7-6631-45E8-85BA-EEB416B32A3C,test,M,3,4,4
CDA3BBF7-6631-45E8-85BA-EEB416B32A3C,test,M,10,4,4
CDA3BBF7-6631-45E8-85BA-EEB416B32A3C,test,M,30,4,4
CDA3BBF7-6631-45E8-85BA-EEB416B32A3C,test,M,60,4,4
CF722AA9-2533-4E51-9FEB-9EAC84EE9AAC,val,X,3,4,4
CF722AA9-2533-4E51-9FEB-9EAC84EE9AAC,val,X,10,4,4
CF722AA9-2533-4E51-9FEB-9EAC84EE9AAC,val,X,30,4,4
CF722AA9-2533-4E51-9FEB-9EAC84EE9AAC,val,X,60,4,4
CF722AA9-2533-4E51-9FEB-9EAC84EE9AAC,val,M,3,4,4
CF722AA9-2533-4E51-9FEB-9EAC84EE9AAC,val,M,10,4,4
CF722AA9-2533-4E51-9FEB-9EAC84EE9AAC,val,M,30,4,4
CF722AA9-2533-4E51-9FEB-9EAC84EE9AAC,val,M,60,4,4
CF722AA9-2533-4E51-9FEB-9EAC84EE9AAC,test,X,3,4,4
CF722AA9-2533-4E51-9FEB-9EAC84EE9AAC,test,X,10,4,4
CF722AA9-2533-4E51-9FEB-9EAC84EE9AAC,test,X,30,4,4
CF722AA9-2533-4E51-9FEB-9EAC84EE9AAC,test,X,60,4,4
CF722AA9-2533-4E51-9FEB-9EAC84EE9AAC,test,M,3,4,4
CF722AA9-2533-4E51-9FEB-9EAC84EE9AAC,test,M,10,4,4
CF722AA9-2533-4E51-9FEB-9EAC84EE9AAC,test,M,30,4,4
CF722AA9-2533-4E51-9FEB-9EAC84EE9AAC,test,M,60,4,4
D7D20E2E-FC78-405D-B346-DBD3FD8FC92B,val,X,3,4,4
D7D20E2E-FC78-405D-B346-DBD3FD8FC92B,val,X,10,4,4
D7D20E2E-FC78-405D-B346-DBD3FD8FC92B,val,X,30,4,4
D7D20E2E-FC78-405D-B346-DBD3FD8FC92B,val,X,60,4,4
D7D20E2E-FC78-405D-B346-DBD3FD8FC92B,val,M,3,4,4
D7D20E2E-FC78-405D-B346-DBD3FD8FC92B,val,M,10,4,4
D7D20E2E-FC78-405D-B346-DBD3FD8FC92B,val,M,30,4,5
D7D20E2E-FC78-405D-B346-DBD3FD8FC92B,val,M,60,4,4
D7D20E2E-FC78-405D-B346-DBD3FD8FC92B,test,X,3,4,4
D7D20E2E-FC78-405D-B346-DBD3FD8FC92B,test,X,10,4,4
D7D20E2E-FC78-405D-B346-DBD3FD8FC92B,test,X,30,4,4
D7D20E2E-FC78-405D-B346-DBD3FD8FC92B,test,X,60,4,4
D7D20E2E-FC78-405D-B346-DBD3FD8FC92B,test,M,3,4,4
D7D20E2E-FC78-405D-B346-DBD3FD8FC92B,test,M,10,4,4
D7D20E2E-FC78-405D-B346-DBD3FD8FC92B,test,M,30,4,4
D7D20E2E-FC78-405D-B346-DBD3FD8FC92B,test,M,60,4,4
E65577C1-8D5D-4F70-AF23-B3ADB9D3DBA3,val,X,3,4,4
E65577C1-8D5D-4F70-AF23-B3ADB9D3DBA3,val,X,10,4,4
E65577C1-8D5D-4F70-AF23-B3ADB9D3DBA3,val,X,30,4,4
E65577C1-8D5D-4F70-AF23-B3ADB9D3DBA3,val,X,60,4,4
E65577C1-8D5D-4F70-AF23-B3ADB9D3DBA3,val,M,3,4,4
E65577C1-8D5D-4F70-AF23-B3ADB9D3DBA3,val,M,10,4,5
E65577C1-8D5D-4F70-AF23-B3ADB9D3DBA3,val,M,30,4,4
E65577C1-8D5D-4F70-AF23-B3ADB9D3DBA3,val,M,60,4,4
E65577C1-8D5D-4F70-AF23-B3ADB9D3DBA3,test,X,3,4,4
E65577C1-8D5D-4F70-AF23-B3ADB9D3DBA3,test,X,10,4,4
E65577C1-8D5D-4F70-AF23-B3ADB9D3DBA3,test,X,30,4,4
E65577C1-8D5D-4F70-AF23-B3ADB9D3DBA3,test,X,60,4,4
E65577C1-8D5D-4F70-AF23-B3ADB9D3DBA3,test,M,3,4,11
E65577C1-8D5D-4F70-AF23-B3ADB9D3DBA3,test,M,10,4,8
E65577C1-8D5D-4F70-AF23-B3ADB9D3DBA3,test,M,30,4,8
E65577C1-8D5D-4F70-AF23-B3ADB9D3DBA3,test,M,60,4,9
ECECC2AB-D32F-4F90-B74C-E12A1C69BBE2,val,X,3,4,4
ECECC2AB-D32F-4F90-B74C-E12A1C69BBE2,val,X,10,4,4
ECECC2AB-D32F-4F90-B74C-E12A1C69BBE2,val,X,30,4,4
ECECC2AB-D32F-4F90-B74C-E12A1C69BBE2,val,X,60,4,4
ECECC2AB-D32F-4F90-B74C-E12A1C69BBE2,val,M,3,4,5
ECECC2AB-D32F-4F90-B74C-E12A1C69BBE2,val,M,10,4,4
ECECC2AB-D32F-4F90-B74C-E12A1C69BBE2,val,M,30,4,4
ECECC2AB-D32F-4F90-B74C-E12A1C69BBE2,val,M,60,4,6
ECECC2AB-D32F-4F90-B74C-E12A1C69BBE2,test,X,3,4,4
ECECC2AB-D32F-4F90-B74C-E12A1C69BBE2,test,X,10,4,4
ECECC2AB-D32F-4F90-B74C-E12A1C69BBE2,test,X,30,4,4
ECECC2AB-D32F-4F90-B74C-E12A1C69BBE2,test,X,60,4,4
ECECC2AB-D32F-4F90-B74C-E12A1C69BBE2,test,M,3,4,5
ECECC2AB-D32F-4F90-B74C-E12A1C69BBE2,test,M,10,4,5
ECECC2AB-D32F-4F90-B74C-E12A1C69BBE2,test,M,30,4,4
ECECC2AB-D32F-4F90-B74C-E12A1C69BBE2,test,M,60,4,4
FDAA70A1-42A3-4E3F-9AE3-3FDA412E03BF,val,X,3,4,4
FDAA70A1-42A3-4E3F-9AE3-3FDA412E03BF,val,X,10,4,4
FDAA70A1-42A3-4E3F-9AE3-3FDA412E03BF,val,X,30,4,4
FDAA70A1-42A3-4E3F-9AE3-3FDA412E03BF,val,X,60,4,4
FDAA70A1-42A3-4E3F-9AE3-3FDA412E03BF,val,M,3,4,5
FDAA70A1-42A3-4E3F-9AE3-3FDA412E03BF,val,M,10,4,7
FDAA70A1-42A3-4E3F-9AE3-3FDA412E03BF,val,M,30,4,4
FDAA70A1-42A3-4E3F-9AE3-3FDA412E03BF,val,M,60,4,4
FDAA70A1-42A3-4E3F-9AE3-3FDA412E03BF,test,X,3,4,4
FDAA70A1-42A3-4E3F-9AE3-3FDA412E03BF,test,X,10,4,4
FDAA70A1-42A3-4E3F-9AE3-3FDA412E03BF,test,X,30,4,4
FDAA70A1-42A3-4E3F-9AE3-3FDA412E03BF,test,X,60,4,4
FDAA70A1-42A3-4E3F-9AE3-3FDA412E03BF,test,M,3,4,18
FDAA70A1-42A3-4E3F-9AE3-3FDA412E03BF,test,M,10,4,32
FDAA70A1-42A3-4E3F-9AE3-3FDA412E03BF,test,M,30,4,14
FDAA70A1-42A3-4E3F-9AE3-3FDA412E03BF,test,M,60,4,21
