mechanism,chosen_params,calib_FAR,calib_FRR,target_FAR,tolerance,n_candidates,constraint_satisfied,achievable_min_FAR,enrolled_user
instantaneous,{'theta': 0.9009504752376188},0.0,0.004166666666666667,0.05,0.01,40,True,0.0,FDAA70A1-42A3-4E3F-9AE3-3FDA412E03BF
moving_average,"{'theta': 0.9266633316658329, 'w': 20}",0.04722222222222222,0.3472222222222222,0.05,0.01,160,True,0.0,FDAA70A1-42A3-4E3F-9AE3-3FDA412E03BF
ewma,"{'theta': 0.9009504752376188, 'alpha': 0.1}",0.04722222222222222,0.15555555555555556,0.05,0.01,160,True,0.0,FDAA70A1-42A3-4E3F-9AE3-3FDA412E03BF
majority_vote,"{'theta': 0.8193224612306153, 'w': 10, 'k': 8}",0.04722222222222222,0.05277777777777778,0.05,0.01,200,True,0.0,FDAA70A1-42A3-4E3F-9AE3-3FDA412E03BF
debounce,"{'theta': 0.9749874937468734, 'n': 10}",0.05,0.5888888888888889,0.05,0.01,160,True,0.0,FDAA70A1-42A3-4E3F-9AE3-3FDA412E03BF
margin_dual_threshold,"{'theta': 0.8193224612306153, 'margin': 0.1}",0.022222222222222223,0.0,0.05,0.01,160,True,0.0,FDAA70A1-42A3-4E3F-9AE3-3FDA412E03BF
hysteresis,"{'theta': 0.9480075637818908, 'margin': 0.2, 'ttt_frames': 3}",0.04722222222222222,0.5,0.05,0.01,480,True,0.0,FDAA70A1-42A3-4E3F-9AE3-3FDA412E03BF
trust_model,"{'theta': 0.9147573786893447, 'gain': 0.3, 'decay': 0.2, 'tau_lo': 0.4, 'tau_hi': 0.6}",0.05,0.39305555555555555,0.05,0.01,360,True,0.0,FDAA70A1-42A3-4E3F-9AE3-3FDA412E03BF
sprt,"{'A': 1, 'B': 16, 'mu_gen': 0.9593810794286032, 'sd_gen': 0.029060667450462818, 'mu_imp': 0.5068689900505808, 'sd_imp': 0.2821245617631153}",0.005555555555555556,0.008333333333333333,0.05,0.01,25,True,0.0,FDAA70A1-42A3-4E3F-9AE3-3FDA412E03BF
